{"cameraMode":{"drawMode":0,"name":"Shaded","section":"Shading Mode"},"sceneLighting":false,"audioPlay":false,"sceneViewState":{"m_AlwaysRefresh":false,"showFog":true,"showSkybox":false,"showFlares":true,"showImageEffects":true,"showParticleSystems":true,"showVisualEffectGraphs":true,"m_FxEnabled":true},"in2DMode":false,"pivot":{"x":16.651208877563478,"y":3.438142776489258,"z":10.113078117370606},"rotation":{"x":0.005053127184510231,"y":-0.9779278635978699,"z":0.20786869525909425,"w":0.028569865971803666},"size":5.80594539642334,"orthographic":false}