Using pre-set license
Built from '2022.3/china_unity/release~1' branch; Version is '2022.3.53f1c1 (f16e16b78e06) revision 15822358'; Using compiler version '192829333'; Build Type 'Release'
OS: 'Windows 10  (10.0.19045) 64bit CoreCountrySpecific' Language: 'zh' Physical Memory: 15724 MB
BatchMode: 1, IsHumanControllingUs: 0, StartBugReporterOnCrash: 0, Is64bit: 1, IsPro: 1

COMMAND LINE ARGUMENTS:
A:\B_\Unity\2022.3.53f1c1\Editor\Unity.exe
-adb2
-batchMode
-noUpm
-name
AssetImportWorker0
-projectPath
A:/A_GameMake/gameDemo/雪国列车
-logFile
Logs/AssetImportWorker0.log
-srvPort
58117
Successfully changed project path to: A:/A_GameMake/gameDemo/雪国列车
A:/A_GameMake/gameDemo/雪国列车
[UnityMemory] Configuration Parameters - Can be set up in boot.config
    "memorysetup-bucket-allocator-granularity=16"
    "memorysetup-bucket-allocator-bucket-count=8"
    "memorysetup-bucket-allocator-block-size=33554432"
    "memorysetup-bucket-allocator-block-count=8"
    "memorysetup-main-allocator-block-size=16777216"
    "memorysetup-thread-allocator-block-size=16777216"
    "memorysetup-gfx-main-allocator-block-size=16777216"
    "memorysetup-gfx-thread-allocator-block-size=16777216"
    "memorysetup-cache-allocator-block-size=4194304"
    "memorysetup-typetree-allocator-block-size=2097152"
    "memorysetup-profiler-bucket-allocator-granularity=16"
    "memorysetup-profiler-bucket-allocator-bucket-count=8"
    "memorysetup-profiler-bucket-allocator-block-size=33554432"
    "memorysetup-profiler-bucket-allocator-block-count=8"
    "memorysetup-profiler-allocator-block-size=16777216"
    "memorysetup-profiler-editor-allocator-block-size=1048576"
    "memorysetup-temp-allocator-size-main=16777216"
    "memorysetup-job-temp-allocator-block-size=2097152"
    "memorysetup-job-temp-allocator-block-size-background=1048576"
    "memorysetup-job-temp-allocator-reduction-small-platforms=262144"
    "memorysetup-allocator-temp-initial-block-size-main=262144"
    "memorysetup-allocator-temp-initial-block-size-worker=262144"
    "memorysetup-temp-allocator-size-background-worker=32768"
    "memorysetup-temp-allocator-size-job-worker=262144"
    "memorysetup-temp-allocator-size-preload-manager=33554432"
    "memorysetup-temp-allocator-size-nav-mesh-worker=65536"
    "memorysetup-temp-allocator-size-audio-worker=65536"
    "memorysetup-temp-allocator-size-cloud-worker=32768"
    "memorysetup-temp-allocator-size-gi-baking-worker=262144"
    "memorysetup-temp-allocator-size-gfx=262144"
Player connection [9352]  Target information:

Player connection [9352]  * "[IP] 192.168.80.1 [Port] 0 [Flags] 2 [Guid] 299325383 [EditorId] 299325383 [Version] 1048832 [Id] WindowsEditor(7,LAPTOP-7LI1TGH0) [Debug] 1 [PackageName] WindowsEditor [ProjectName] Editor" 

Player connection [9352]  * "[IP] 192.168.230.1 [Port] 0 [Flags] 2 [Guid] 299325383 [EditorId] 299325383 [Version] 1048832 [Id] WindowsEditor(7,LAPTOP-7LI1TGH0) [Debug] 1 [PackageName] WindowsEditor [ProjectName] Editor" 

Player connection [9352]  * "[IP] 169.254.166.83 [Port] 0 [Flags] 2 [Guid] 299325383 [EditorId] 299325383 [Version] 1048832 [Id] WindowsEditor(7,LAPTOP-7LI1TGH0) [Debug] 1 [PackageName] WindowsEditor [ProjectName] Editor" 

Player connection [9352]  * "[IP] 192.168.0.110 [Port] 0 [Flags] 2 [Guid] 299325383 [EditorId] 299325383 [Version] 1048832 [Id] WindowsEditor(7,LAPTOP-7LI1TGH0) [Debug] 1 [PackageName] WindowsEditor [ProjectName] Editor" 

Player connection [9352] Host joined multi-casting on [225.0.0.222:54997]...
Player connection [9352] Host joined alternative multi-casting on [225.0.0.222:34997]...
[PhysX] Initialized MultithreadedTaskDispatcher with 16 workers.
Refreshing native plugins compatible for Editor in 45.85 ms, found 3 plugins.
Preloading 0 native plugins for Editor in 0.00 ms.
Initialize engine version: 2022.3.53f1c1 (f16e16b78e06)
[Subsystems] Discovering subsystems at path A:/B_/Unity/2022.3.53f1c1/Editor/Data/Resources/UnitySubsystems
[Subsystems] Discovering subsystems at path A:/A_GameMake/gameDemo/雪国列车/Assets
GfxDevice: creating device client; threaded=0; jobified=0
Direct3D:
    Version:  Direct3D 11.0 [level 11.1]
    Renderer: NVIDIA GeForce GTX 1650 (ID=0x1f9d)
    Vendor:   NVIDIA
    VRAM:     3935 MB
    Driver:   32.0.15.7260
Initialize mono
Mono path[0] = 'A:/B_/Unity/2022.3.53f1c1/Editor/Data/Managed'
Mono path[1] = 'A:/B_/Unity/2022.3.53f1c1/Editor/Data/MonoBleedingEdge/lib/mono/unityjit-win32'
Mono config path = 'A:/B_/Unity/2022.3.53f1c1/Editor/Data/MonoBleedingEdge/etc'
Using monoOptions --debugger-agent=transport=dt_socket,embedding=1,server=y,suspend=n,address=127.0.0.1:56244
Begin MonoManager ReloadAssembly
Registering precompiled unity dll's ...
Register platform support module: A:/B_/Unity/2022.3.53f1c1/Editor/Data/PlaybackEngines/WindowsStandaloneSupport/UnityEditor.WindowsStandalone.Extensions.dll
Registered in 0.019014 seconds.
- Loaded All Assemblies, in  0.713 seconds
Native extension for WindowsStandalone target not found
Mono: successfully reloaded assembly
- Finished resetting the current domain, in  0.454 seconds
Domain Reload Profiling: 1156ms
	BeginReloadAssembly (220ms)
		ExecutionOrderSort (0ms)
		DisableScriptedObjects (0ms)
		BackupInstance (0ms)
		ReleaseScriptingObjects (0ms)
		CreateAndSetChildDomain (1ms)
	RebuildCommonClasses (59ms)
	RebuildNativeTypeToScriptingClass (16ms)
	initialDomainReloadingComplete (130ms)
	LoadAllAssembliesAndSetupDomain (276ms)
		LoadAssemblies (212ms)
		RebuildTransferFunctionScriptingTraits (0ms)
		AnalyzeDomain (272ms)
			TypeCache.Refresh (271ms)
				TypeCache.ScanAssembly (253ms)
			ScanForSourceGeneratedMonoScriptInfo (0ms)
			ResolveRequiredComponents (1ms)
	FinalizeReload (455ms)
		ReleaseScriptCaches (0ms)
		RebuildScriptCaches (0ms)
		SetupLoadedEditorAssemblies (389ms)
			LogAssemblyErrors (0ms)
			InitializePlatformSupportModulesInManaged (20ms)
			SetLoadedEditorAssemblies (15ms)
			RefreshPlugins (0ms)
			BeforeProcessingInitializeOnLoad (5ms)
			ProcessInitializeOnLoadAttributes (250ms)
			ProcessInitializeOnLoadMethodAttributes (99ms)
			AfterProcessingInitializeOnLoad (0ms)
			EditorAssembliesLoaded (0ms)
		ExecutionOrderSort2 (0ms)
		AwakeInstancesAfterBackupRestoration (0ms)
========================================================================
Worker process is ready to serve import requests
Caller must complete domain reload
Begin MonoManager ReloadAssembly
- Loaded All Assemblies, in  1.332 seconds
Native extension for WindowsStandalone target not found
Mono: successfully reloaded assembly
- Finished resetting the current domain, in  1.600 seconds
Domain Reload Profiling: 2913ms
	BeginReloadAssembly (280ms)
		ExecutionOrderSort (0ms)
		DisableScriptedObjects (7ms)
		BackupInstance (0ms)
		ReleaseScriptingObjects (0ms)
		CreateAndSetChildDomain (34ms)
	RebuildCommonClasses (61ms)
	RebuildNativeTypeToScriptingClass (13ms)
	initialDomainReloadingComplete (83ms)
	LoadAllAssembliesAndSetupDomain (875ms)
		LoadAssemblies (629ms)
		RebuildTransferFunctionScriptingTraits (0ms)
		AnalyzeDomain (426ms)
			TypeCache.Refresh (358ms)
				TypeCache.ScanAssembly (334ms)
			ScanForSourceGeneratedMonoScriptInfo (43ms)
			ResolveRequiredComponents (21ms)
	FinalizeReload (1600ms)
		ReleaseScriptCaches (0ms)
		RebuildScriptCaches (0ms)
		SetupLoadedEditorAssemblies (1312ms)
			LogAssemblyErrors (0ms)
			InitializePlatformSupportModulesInManaged (13ms)
			SetLoadedEditorAssemblies (10ms)
			RefreshPlugins (0ms)
			BeforeProcessingInitializeOnLoad (211ms)
			ProcessInitializeOnLoadAttributes (974ms)
			ProcessInitializeOnLoadMethodAttributes (78ms)
			AfterProcessingInitializeOnLoad (26ms)
			EditorAssembliesLoaded (0ms)
		ExecutionOrderSort2 (0ms)
		AwakeInstancesAfterBackupRestoration (17ms)
Launched and connected shader compiler UnityShaderCompiler.exe after 0.08 seconds
Refreshing native plugins compatible for Editor in 32.11 ms, found 3 plugins.
Preloading 0 native plugins for Editor in 0.00 ms.
Unloading 5105 Unused Serialized files (Serialized files now loaded: 0)
Unloading 25 unused Assets / (344.9 KB). Loaded Objects now: 5574.
Memory consumption went from 206.1 MB to 205.7 MB.
Total: 22.036800 ms (FindLiveObjects: 0.871400 ms CreateObjectMapping: 0.756300 ms MarkObjects: 20.049200 ms  DeleteObjects: 0.357500 ms)

AssetImportParameters requested are different than current active one (requested -> active):
  custom:container-demuxer-ogg: 62fdf1f143b41e24485cea50d1cbac27 -> 
  custom:video-decoder-ogg-theora: a1e56fd34408186e4bbccfd4996cb3dc -> 
  custom:framework-win-MediaFoundation: 216162199b28c13a410421893ffa2e32 -> 
  custom:CustomObjectIndexerAttribute: 72b91833f83ae208fae7752999fa3104 -> 
  custom:container-demuxer-webm: 4f35f7cbe854078d1ac9338744f61a02 -> 
  custom:container-muxer-webm: aa71ff27fc2769a1b78a27578f13a17b -> 
  custom:video-decoder-webm-vp8: 9c59270c3fd7afecdb556c50c9e8de78 -> 
  custom:SearchIndexIgnoredProperties: e643bd26f0fe6173181afceb89e7c659 -> 
  custom:AudioImporter_EditorPlatform: d09bf68614088b80899f8185d706f6e7 -> 
  custom:video-encoder-webm-vp8: eb34c28f22e8b96e1ab97ce403110664 -> 
  custom:audio-decoder-ogg-vorbis: bf7c407c2cedff20999df2af8eb42d56 -> 
  custom:audio-encoder-webm-vorbis: bf7c407c2cedff20999df2af8eb42d56 -> 
========================================================================
Received Import Request.
  Time since last request: 5768.145572 seconds.
  path: Assets/_Script/Railway.cs
  artifactKey: Guid(c9ae5ff60b0eedc449859776d98d3b1a) Importer(815301076,1909f56bfc062723c751e8b465ee728b)
Start importing Assets/_Script/Railway.cs using Guid(c9ae5ff60b0eedc449859776d98d3b1a) Importer(815301076,1909f56bfc062723c751e8b465ee728b) [PhysX] Initialized MultithreadedTaskDispatcher with 16 workers.
 -> (artifact id: '24a4f8284cfad36aadbc0d560be65aa3') in 0.006872 seconds
Number of updated asset objects reloaded before import = 0
Number of asset objects unloaded after import = 0
========================================================================
Received Import Request.
  Time since last request: 31.765324 seconds.
  path: Assets/_Script/Game
  artifactKey: Guid(963fc65a0448ec3439486b88b40d0bb8) Importer(815301076,1909f56bfc062723c751e8b465ee728b)
Start importing Assets/_Script/Game using Guid(963fc65a0448ec3439486b88b40d0bb8) Importer(815301076,1909f56bfc062723c751e8b465ee728b) [PhysX] Initialized MultithreadedTaskDispatcher with 16 workers.
 -> (artifact id: '31c87ea6bfe7236ffdbd1cd7d8644515') in 0.000722 seconds
Number of updated asset objects reloaded before import = 0
Number of asset objects unloaded after import = 0
========================================================================
Received Import Request.
  Time since last request: 14.701885 seconds.
  path: Assets/_Script/Game/GameManager.cs
  artifactKey: Guid(0f1fab00e55359340a5025e42a4e0d08) Importer(815301076,1909f56bfc062723c751e8b465ee728b)
Start importing Assets/_Script/Game/GameManager.cs using Guid(0f1fab00e55359340a5025e42a4e0d08) Importer(815301076,1909f56bfc062723c751e8b465ee728b) [PhysX] Initialized MultithreadedTaskDispatcher with 16 workers.
 -> (artifact id: '3d885a42ff31b8b99236dac5da163f08') in 0.000827 seconds
Number of updated asset objects reloaded before import = 0
Number of asset objects unloaded after import = 0
========================================================================
Received Prepare
Caller must complete domain reload
Begin MonoManager ReloadAssembly
- Loaded All Assemblies, in  0.719 seconds
Native extension for WindowsStandalone target not found
Mono: successfully reloaded assembly
- Finished resetting the current domain, in  2.150 seconds
Domain Reload Profiling: 2853ms
	BeginReloadAssembly (214ms)
		ExecutionOrderSort (0ms)
		DisableScriptedObjects (4ms)
		BackupInstance (0ms)
		ReleaseScriptingObjects (0ms)
		CreateAndSetChildDomain (45ms)
	RebuildCommonClasses (31ms)
	RebuildNativeTypeToScriptingClass (10ms)
	initialDomainReloadingComplete (48ms)
	LoadAllAssembliesAndSetupDomain (401ms)
		LoadAssemblies (479ms)
		RebuildTransferFunctionScriptingTraits (0ms)
		AnalyzeDomain (41ms)
			TypeCache.Refresh (9ms)
				TypeCache.ScanAssembly (1ms)
			ScanForSourceGeneratedMonoScriptInfo (19ms)
			ResolveRequiredComponents (11ms)
	FinalizeReload (2150ms)
		ReleaseScriptCaches (0ms)
		RebuildScriptCaches (0ms)
		SetupLoadedEditorAssemblies (805ms)
			LogAssemblyErrors (0ms)
			InitializePlatformSupportModulesInManaged (7ms)
			SetLoadedEditorAssemblies (4ms)
			RefreshPlugins (0ms)
			BeforeProcessingInitializeOnLoad (118ms)
			ProcessInitializeOnLoadAttributes (601ms)
			ProcessInitializeOnLoadMethodAttributes (53ms)
			AfterProcessingInitializeOnLoad (21ms)
			EditorAssembliesLoaded (0ms)
		ExecutionOrderSort2 (0ms)
		AwakeInstancesAfterBackupRestoration (14ms)
Refreshing native plugins compatible for Editor in 22.07 ms, found 3 plugins.
Preloading 0 native plugins for Editor in 0.00 ms.
Unloading 4946 Unused Serialized files (Serialized files now loaded: 0)
Unloading 20 unused Assets / (316.5 KB). Loaded Objects now: 5579.
Memory consumption went from 177.6 MB to 177.3 MB.
Total: 4.760800 ms (FindLiveObjects: 0.644600 ms CreateObjectMapping: 0.254200 ms MarkObjects: 3.738200 ms  DeleteObjects: 0.122500 ms)

Prepare: number of updated asset objects reloaded= 0
AssetImportParameters requested are different than current active one (requested -> active):
  custom:container-demuxer-ogg: 62fdf1f143b41e24485cea50d1cbac27 -> 
  custom:scripting/monoscript/fileName/GameManager.cs: 9933fbcc6190e2a9171c2ec8808a053e -> 
  custom:video-decoder-ogg-theora: a1e56fd34408186e4bbccfd4996cb3dc -> 
  custom:framework-win-MediaFoundation: 216162199b28c13a410421893ffa2e32 -> 
  custom:CustomObjectIndexerAttribute: 72b91833f83ae208fae7752999fa3104 -> 
  custom:container-demuxer-webm: 4f35f7cbe854078d1ac9338744f61a02 -> 
  custom:container-muxer-webm: aa71ff27fc2769a1b78a27578f13a17b -> 
  custom:video-decoder-webm-vp8: 9c59270c3fd7afecdb556c50c9e8de78 -> 
  custom:SearchIndexIgnoredProperties: e643bd26f0fe6173181afceb89e7c659 -> 
  custom:AudioImporter_EditorPlatform: d09bf68614088b80899f8185d706f6e7 -> 
  custom:video-encoder-webm-vp8: eb34c28f22e8b96e1ab97ce403110664 -> 
  custom:audio-decoder-ogg-vorbis: bf7c407c2cedff20999df2af8eb42d56 -> 
  custom:audio-encoder-webm-vorbis: bf7c407c2cedff20999df2af8eb42d56 -> 
  custom:scripting/precompiled-assembly-types:Assembly-CSharp: a3286e588f2185aeddb73539bbd7024c -> 5067eed19507e5c54d6876c6374cab8d
========================================================================
Received Prepare
Caller must complete domain reload
Begin MonoManager ReloadAssembly
- Loaded All Assemblies, in  0.644 seconds
Native extension for WindowsStandalone target not found
Mono: successfully reloaded assembly
- Finished resetting the current domain, in  2.218 seconds
Domain Reload Profiling: 2849ms
	BeginReloadAssembly (203ms)
		ExecutionOrderSort (0ms)
		DisableScriptedObjects (5ms)
		BackupInstance (0ms)
		ReleaseScriptingObjects (0ms)
		CreateAndSetChildDomain (39ms)
	RebuildCommonClasses (29ms)
	RebuildNativeTypeToScriptingClass (10ms)
	initialDomainReloadingComplete (47ms)
	LoadAllAssembliesAndSetupDomain (342ms)
		LoadAssemblies (417ms)
		RebuildTransferFunctionScriptingTraits (0ms)
		AnalyzeDomain (41ms)
			TypeCache.Refresh (10ms)
				TypeCache.ScanAssembly (1ms)
			ScanForSourceGeneratedMonoScriptInfo (17ms)
			ResolveRequiredComponents (12ms)
	FinalizeReload (2218ms)
		ReleaseScriptCaches (0ms)
		RebuildScriptCaches (0ms)
		SetupLoadedEditorAssemblies (820ms)
			LogAssemblyErrors (0ms)
			InitializePlatformSupportModulesInManaged (7ms)
			SetLoadedEditorAssemblies (5ms)
			RefreshPlugins (0ms)
			BeforeProcessingInitializeOnLoad (117ms)
			ProcessInitializeOnLoadAttributes (616ms)
			ProcessInitializeOnLoadMethodAttributes (53ms)
			AfterProcessingInitializeOnLoad (21ms)
			EditorAssembliesLoaded (0ms)
		ExecutionOrderSort2 (0ms)
		AwakeInstancesAfterBackupRestoration (15ms)
Refreshing native plugins compatible for Editor in 22.56 ms, found 3 plugins.
Preloading 0 native plugins for Editor in 0.00 ms.
Unloading 4946 Unused Serialized files (Serialized files now loaded: 0)
Unloading 20 unused Assets / (316.4 KB). Loaded Objects now: 5583.
Memory consumption went from 177.6 MB to 177.3 MB.
Total: 9.540900 ms (FindLiveObjects: 0.902100 ms CreateObjectMapping: 0.697400 ms MarkObjects: 7.665900 ms  DeleteObjects: 0.260900 ms)

Prepare: number of updated asset objects reloaded= 0
AssetImportParameters requested are different than current active one (requested -> active):
  custom:container-demuxer-ogg: 62fdf1f143b41e24485cea50d1cbac27 -> 
  custom:scripting/monoscript/fileName/GameManager.cs: 9933fbcc6190e2a9171c2ec8808a053e -> 
  custom:video-decoder-ogg-theora: a1e56fd34408186e4bbccfd4996cb3dc -> 
  custom:framework-win-MediaFoundation: 216162199b28c13a410421893ffa2e32 -> 
  custom:CustomObjectIndexerAttribute: 72b91833f83ae208fae7752999fa3104 -> 
  custom:container-demuxer-webm: 4f35f7cbe854078d1ac9338744f61a02 -> 
  custom:container-muxer-webm: aa71ff27fc2769a1b78a27578f13a17b -> 
  custom:video-decoder-webm-vp8: 9c59270c3fd7afecdb556c50c9e8de78 -> 
  custom:SearchIndexIgnoredProperties: e643bd26f0fe6173181afceb89e7c659 -> 
  custom:AudioImporter_EditorPlatform: d09bf68614088b80899f8185d706f6e7 -> 
  custom:video-encoder-webm-vp8: eb34c28f22e8b96e1ab97ce403110664 -> 
  custom:audio-decoder-ogg-vorbis: bf7c407c2cedff20999df2af8eb42d56 -> 
  custom:audio-encoder-webm-vorbis: bf7c407c2cedff20999df2af8eb42d56 -> 
  custom:scripting/precompiled-assembly-types:Assembly-CSharp: a3286e588f2185aeddb73539bbd7024c -> 5067eed19507e5c54d6876c6374cab8d
========================================================================
Received Import Request.
  Time since last request: 520.643399 seconds.
  path: Assets/_Script/Game/GameManager.cs
  artifactKey: Guid(0f1fab00e55359340a5025e42a4e0d08) Importer(815301076,1909f56bfc062723c751e8b465ee728b)
Start importing Assets/_Script/Game/GameManager.cs using Guid(0f1fab00e55359340a5025e42a4e0d08) Importer(815301076,1909f56bfc062723c751e8b465ee728b) [PhysX] Initialized MultithreadedTaskDispatcher with 16 workers.
 -> (artifact id: '2e12dff324b8d3fbce8c9703b9c72a1a') in 0.003389 seconds
Number of updated asset objects reloaded before import = 0
Number of asset objects unloaded after import = 0
========================================================================
Received Import Request.
  Time since last request: 9.807000 seconds.
  path: Assets/_Scenes/Root.unity
  artifactKey: Guid(52c698572772f1f42a877b52c834fd4b) Importer(815301076,1909f56bfc062723c751e8b465ee728b)
Start importing Assets/_Scenes/Root.unity using Guid(52c698572772f1f42a877b52c834fd4b) Importer(815301076,1909f56bfc062723c751e8b465ee728b) [PhysX] Initialized MultithreadedTaskDispatcher with 16 workers.
 -> (artifact id: 'eb28926686e40d019723a14d504376e0') in 0.000747 seconds
Number of updated asset objects reloaded before import = 0
Number of asset objects unloaded after import = 0
========================================================================
Received Import Request.
  Time since last request: 33.396960 seconds.
  path: Assets/_Scenes/Game.unity
  artifactKey: Guid(5ae3bb92957bde747acc114d4da070f7) Importer(815301076,1909f56bfc062723c751e8b465ee728b)
Start importing Assets/_Scenes/Game.unity using Guid(5ae3bb92957bde747acc114d4da070f7) Importer(815301076,1909f56bfc062723c751e8b465ee728b) [PhysX] Initialized MultithreadedTaskDispatcher with 16 workers.
 -> (artifact id: 'a35952fa7406093d12adf6556e13a4de') in 0.007343 seconds
Number of updated asset objects reloaded before import = 0
Number of asset objects unloaded after import = 0
========================================================================
Received Import Request.
  Time since last request: 35.658311 seconds.
  path: Assets/Prefab/A_
  artifactKey: Guid(7de8091c253437e4b9de573eaa88f8c6) Importer(815301076,1909f56bfc062723c751e8b465ee728b)
Start importing Assets/Prefab/A_ using Guid(7de8091c253437e4b9de573eaa88f8c6) Importer(815301076,1909f56bfc062723c751e8b465ee728b) [PhysX] Initialized MultithreadedTaskDispatcher with 16 workers.
 -> (artifact id: 'fa52d97fd929b49d5845f224ead49f61') in 0.001235 seconds
Number of updated asset objects reloaded before import = 0
Number of asset objects unloaded after import = 0
========================================================================
Received Import Request.
  Time since last request: 14.902311 seconds.
  path: Assets/Prefab/Player/Player.prefab
  artifactKey: Guid(606a8a66dd40b6a43b3ccd7d932fb26b) Importer(815301076,1909f56bfc062723c751e8b465ee728b)
Start importing Assets/Prefab/Player/Player.prefab using Guid(606a8a66dd40b6a43b3ccd7d932fb26b) Importer(815301076,1909f56bfc062723c751e8b465ee728b) [PhysX] Initialized MultithreadedTaskDispatcher with 16 workers.
[PhysX] Initialized MultithreadedTaskDispatcher with 16 workers.
 -> (artifact id: '3072558fb36606c98e73e29361fcf15e') in 0.338134 seconds
Number of updated asset objects reloaded before import = 0
Number of asset objects unloaded after import = 413
========================================================================
Received Import Request.
  Time since last request: 47.337320 seconds.
  path: Assets/Prefab/Player/Player.prefab
  artifactKey: Guid(606a8a66dd40b6a43b3ccd7d932fb26b) Importer(815301076,1909f56bfc062723c751e8b465ee728b)
Start importing Assets/Prefab/Player/Player.prefab using Guid(606a8a66dd40b6a43b3ccd7d932fb26b) Importer(815301076,1909f56bfc062723c751e8b465ee728b) [PhysX] Initialized MultithreadedTaskDispatcher with 16 workers.
[PhysX] Initialized MultithreadedTaskDispatcher with 16 workers.
 -> (artifact id: '36efb3e89ac69b7cf97de1440611239c') in 0.034013 seconds
Number of updated asset objects reloaded before import = 0
Number of asset objects unloaded after import = 397
========================================================================
Received Import Request.
  Time since last request: 3.634542 seconds.
  path: Assets/Prefab/Player/Player.prefab
  artifactKey: Guid(606a8a66dd40b6a43b3ccd7d932fb26b) Importer(815301076,1909f56bfc062723c751e8b465ee728b)
Start importing Assets/Prefab/Player/Player.prefab using Guid(606a8a66dd40b6a43b3ccd7d932fb26b) Importer(815301076,1909f56bfc062723c751e8b465ee728b) [PhysX] Initialized MultithreadedTaskDispatcher with 16 workers.
[PhysX] Initialized MultithreadedTaskDispatcher with 16 workers.
 -> (artifact id: '2937731332190f01ed79093fade9669a') in 0.034285 seconds
Number of updated asset objects reloaded before import = 0
Number of asset objects unloaded after import = 405
========================================================================
Received Import Request.
  Time since last request: 16.766800 seconds.
  path: Assets/Prefab/Player/Player.prefab
  artifactKey: Guid(606a8a66dd40b6a43b3ccd7d932fb26b) Importer(815301076,1909f56bfc062723c751e8b465ee728b)
Start importing Assets/Prefab/Player/Player.prefab using Guid(606a8a66dd40b6a43b3ccd7d932fb26b) Importer(815301076,1909f56bfc062723c751e8b465ee728b) [PhysX] Initialized MultithreadedTaskDispatcher with 16 workers.
[PhysX] Initialized MultithreadedTaskDispatcher with 16 workers.
 -> (artifact id: '09085a202de97ef3ea35cec98af6c5dd') in 0.035797 seconds
Number of updated asset objects reloaded before import = 0
Number of asset objects unloaded after import = 429
========================================================================
Received Prepare
Caller must complete domain reload
Begin MonoManager ReloadAssembly
- Loaded All Assemblies, in  0.741 seconds
Native extension for WindowsStandalone target not found
Mono: successfully reloaded assembly
- Finished resetting the current domain, in  2.634 seconds
Domain Reload Profiling: 3360ms
	BeginReloadAssembly (274ms)
		ExecutionOrderSort (0ms)
		DisableScriptedObjects (15ms)
		BackupInstance (0ms)
		ReleaseScriptingObjects (0ms)
		CreateAndSetChildDomain (61ms)
	RebuildCommonClasses (30ms)
	RebuildNativeTypeToScriptingClass (9ms)
	initialDomainReloadingComplete (49ms)
	LoadAllAssembliesAndSetupDomain (364ms)
		LoadAssemblies (480ms)
		RebuildTransferFunctionScriptingTraits (0ms)
		AnalyzeDomain (21ms)
			TypeCache.Refresh (6ms)
				TypeCache.ScanAssembly (0ms)
			ScanForSourceGeneratedMonoScriptInfo (0ms)
			ResolveRequiredComponents (14ms)
	FinalizeReload (2634ms)
		ReleaseScriptCaches (0ms)
		RebuildScriptCaches (0ms)
		SetupLoadedEditorAssemblies (968ms)
			LogAssemblyErrors (0ms)
			InitializePlatformSupportModulesInManaged (10ms)
			SetLoadedEditorAssemblies (5ms)
			RefreshPlugins (0ms)
			BeforeProcessingInitializeOnLoad (122ms)
			ProcessInitializeOnLoadAttributes (757ms)
			ProcessInitializeOnLoadMethodAttributes (56ms)
			AfterProcessingInitializeOnLoad (19ms)
			EditorAssembliesLoaded (0ms)
		ExecutionOrderSort2 (0ms)
		AwakeInstancesAfterBackupRestoration (18ms)
Refreshing native plugins compatible for Editor in 28.55 ms, found 3 plugins.
Preloading 0 native plugins for Editor in 0.00 ms.
Unloading 4946 Unused Serialized files (Serialized files now loaded: 0)
Unloading 20 unused Assets / (316.5 KB). Loaded Objects now: 5635.
Memory consumption went from 182.6 MB to 182.3 MB.
Total: 9.692000 ms (FindLiveObjects: 1.884500 ms CreateObjectMapping: 0.880800 ms MarkObjects: 6.701200 ms  DeleteObjects: 0.224100 ms)

Prepare: number of updated asset objects reloaded= 0
AssetImportParameters requested are different than current active one (requested -> active):
  custom:container-demuxer-ogg: 62fdf1f143b41e24485cea50d1cbac27 -> 
  custom:scripting/monoscript/fileName/GameManager.cs: 9933fbcc6190e2a9171c2ec8808a053e -> 
  custom:video-decoder-ogg-theora: a1e56fd34408186e4bbccfd4996cb3dc -> 
  custom:framework-win-MediaFoundation: 216162199b28c13a410421893ffa2e32 -> 
  custom:CustomObjectIndexerAttribute: 72b91833f83ae208fae7752999fa3104 -> 
  custom:container-demuxer-webm: 4f35f7cbe854078d1ac9338744f61a02 -> 
  custom:container-muxer-webm: aa71ff27fc2769a1b78a27578f13a17b -> 
  custom:video-decoder-webm-vp8: 9c59270c3fd7afecdb556c50c9e8de78 -> 
  custom:SearchIndexIgnoredProperties: e643bd26f0fe6173181afceb89e7c659 -> 
  custom:AudioImporter_EditorPlatform: d09bf68614088b80899f8185d706f6e7 -> 
  custom:video-encoder-webm-vp8: eb34c28f22e8b96e1ab97ce403110664 -> 
  custom:audio-decoder-ogg-vorbis: bf7c407c2cedff20999df2af8eb42d56 -> 
  custom:audio-encoder-webm-vorbis: bf7c407c2cedff20999df2af8eb42d56 -> 
  custom:scripting/precompiled-assembly-types:Assembly-CSharp: a3286e588f2185aeddb73539bbd7024c -> 5067eed19507e5c54d6876c6374cab8d
========================================================================
Received Import Request.
  Time since last request: 176.686506 seconds.
  path: Assets/Prefab/Player/Player System.prefab
  artifactKey: Guid(5831bfdbbfbbc2c47b9b90219a914d1e) Importer(815301076,1909f56bfc062723c751e8b465ee728b)
Start importing Assets/Prefab/Player/Player System.prefab using Guid(5831bfdbbfbbc2c47b9b90219a914d1e) Importer(815301076,1909f56bfc062723c751e8b465ee728b) [PhysX] Initialized MultithreadedTaskDispatcher with 16 workers.
[PhysX] Initialized MultithreadedTaskDispatcher with 16 workers.
 -> (artifact id: '4736c6bfe9c3f0a52088b410d595fabc') in 0.288038 seconds
Number of updated asset objects reloaded before import = 0
Number of asset objects unloaded after import = 638
========================================================================
Received Import Request.
  Time since last request: 24.217534 seconds.
  path: Assets/Prefab/System/Train System.prefab
  artifactKey: Guid(2512fcfa39cc0be419e076d0200dd064) Importer(815301076,1909f56bfc062723c751e8b465ee728b)
Start importing Assets/Prefab/System/Train System.prefab using Guid(2512fcfa39cc0be419e076d0200dd064) Importer(815301076,1909f56bfc062723c751e8b465ee728b) [PhysX] Initialized MultithreadedTaskDispatcher with 16 workers.
 -> (artifact id: '9ebb26b64bc614fd8da864db8a7fae42') in 0.029073 seconds
Number of updated asset objects reloaded before import = 0
Number of asset objects unloaded after import = 835
========================================================================
Received Import Request.
  Time since last request: 2.349341 seconds.
  path: Assets/Prefab/System/Railway System.prefab
  artifactKey: Guid(c5e4f42e5da379643a8da61dbae92e78) Importer(815301076,1909f56bfc062723c751e8b465ee728b)
Start importing Assets/Prefab/System/Railway System.prefab using Guid(c5e4f42e5da379643a8da61dbae92e78) Importer(815301076,1909f56bfc062723c751e8b465ee728b) [PhysX] Initialized MultithreadedTaskDispatcher with 16 workers.
 -> (artifact id: '0a410a30beb548e66e5d78a928683905') in 0.004448 seconds
Number of updated asset objects reloaded before import = 0
Number of asset objects unloaded after import = 94
========================================================================
Received Import Request.
  Time since last request: 2.070241 seconds.
  path: Assets/Prefab/System/Map System.prefab
  artifactKey: Guid(03028694caadee346a3ec6378f9046df) Importer(815301076,1909f56bfc062723c751e8b465ee728b)
Start importing Assets/Prefab/System/Map System.prefab using Guid(03028694caadee346a3ec6378f9046df) Importer(815301076,1909f56bfc062723c751e8b465ee728b) [PhysX] Initialized MultithreadedTaskDispatcher with 16 workers.
 -> (artifact id: '309987bd978a86dc0414af400f8ab5b3') in 0.013039 seconds
Number of updated asset objects reloaded before import = 0
Number of asset objects unloaded after import = 129
========================================================================
Received Import Request.
  Time since last request: 2.196075 seconds.
  path: Assets/Prefab/System/Resource System.prefab
  artifactKey: Guid(4b846a549060bae438157bbc660a85b6) Importer(815301076,1909f56bfc062723c751e8b465ee728b)
Start importing Assets/Prefab/System/Resource System.prefab using Guid(4b846a549060bae438157bbc660a85b6) Importer(815301076,1909f56bfc062723c751e8b465ee728b) [PhysX] Initialized MultithreadedTaskDispatcher with 16 workers.
[PhysX] Initialized MultithreadedTaskDispatcher with 16 workers.
 -> (artifact id: '5e23c7edf746760e5b766811be9c12dd') in 0.045558 seconds
Number of updated asset objects reloaded before import = 0
Number of asset objects unloaded after import = 1382
========================================================================
Received Import Request.
  Time since last request: 38.953837 seconds.
  path: Assets/Prefab/System/Enemy System.prefab
  artifactKey: Guid(02d4708e86130d5488422697b1ebc522) Importer(815301076,1909f56bfc062723c751e8b465ee728b)
Start importing Assets/Prefab/System/Enemy System.prefab using Guid(02d4708e86130d5488422697b1ebc522) Importer(815301076,1909f56bfc062723c751e8b465ee728b) [PhysX] Initialized MultithreadedTaskDispatcher with 16 workers.
[PhysX] Initialized MultithreadedTaskDispatcher with 16 workers.
 -> (artifact id: 'd172eb54270fad7716c2261708024ed1') in 0.009748 seconds
Number of updated asset objects reloaded before import = 0
Number of asset objects unloaded after import = 11
========================================================================
Received Import Request.
  Time since last request: 32.297932 seconds.
  path: Assets/Prefab/System/Tower System.prefab
  artifactKey: Guid(e978414e5a9b95f47a1d1198b23a9b65) Importer(815301076,1909f56bfc062723c751e8b465ee728b)
Start importing Assets/Prefab/System/Tower System.prefab using Guid(e978414e5a9b95f47a1d1198b23a9b65) Importer(815301076,1909f56bfc062723c751e8b465ee728b) [PhysX] Initialized MultithreadedTaskDispatcher with 16 workers.
 -> (artifact id: '001d1f9bf0d58e56527235f1a55f76a1') in 0.004038 seconds
Number of updated asset objects reloaded before import = 0
Number of asset objects unloaded after import = 14
========================================================================
Received Prepare
Caller must complete domain reload
Begin MonoManager ReloadAssembly
- Loaded All Assemblies, in  0.663 seconds
Native extension for WindowsStandalone target not found
Mono: successfully reloaded assembly
- Finished resetting the current domain, in  2.229 seconds
Domain Reload Profiling: 2877ms
	BeginReloadAssembly (221ms)
		ExecutionOrderSort (0ms)
		DisableScriptedObjects (10ms)
		BackupInstance (0ms)
		ReleaseScriptingObjects (0ms)
		CreateAndSetChildDomain (45ms)
	RebuildCommonClasses (29ms)
	RebuildNativeTypeToScriptingClass (9ms)
	initialDomainReloadingComplete (48ms)
	LoadAllAssembliesAndSetupDomain (339ms)
		LoadAssemblies (441ms)
		RebuildTransferFunctionScriptingTraits (0ms)
		AnalyzeDomain (19ms)
			TypeCache.Refresh (6ms)
				TypeCache.ScanAssembly (0ms)
			ScanForSourceGeneratedMonoScriptInfo (0ms)
			ResolveRequiredComponents (12ms)
	FinalizeReload (2229ms)
		ReleaseScriptCaches (0ms)
		RebuildScriptCaches (0ms)
		SetupLoadedEditorAssemblies (828ms)
			LogAssemblyErrors (0ms)
			InitializePlatformSupportModulesInManaged (7ms)
			SetLoadedEditorAssemblies (4ms)
			RefreshPlugins (0ms)
			BeforeProcessingInitializeOnLoad (117ms)
			ProcessInitializeOnLoadAttributes (630ms)
			ProcessInitializeOnLoadMethodAttributes (50ms)
			AfterProcessingInitializeOnLoad (19ms)
			EditorAssembliesLoaded (0ms)
		ExecutionOrderSort2 (0ms)
		AwakeInstancesAfterBackupRestoration (18ms)
Refreshing native plugins compatible for Editor in 25.48 ms, found 3 plugins.
Preloading 0 native plugins for Editor in 0.00 ms.
Unloading 4946 Unused Serialized files (Serialized files now loaded: 0)
Unloading 20 unused Assets / (316.4 KB). Loaded Objects now: 5675.
Memory consumption went from 182.9 MB to 182.5 MB.
Total: 5.352100 ms (FindLiveObjects: 0.839600 ms CreateObjectMapping: 0.527000 ms MarkObjects: 3.870400 ms  DeleteObjects: 0.113000 ms)

Prepare: number of updated asset objects reloaded= 0
AssetImportParameters requested are different than current active one (requested -> active):
  custom:container-demuxer-ogg: 62fdf1f143b41e24485cea50d1cbac27 -> 
  custom:scripting/monoscript/fileName/GameManager.cs: 9933fbcc6190e2a9171c2ec8808a053e -> 
  custom:video-decoder-ogg-theora: a1e56fd34408186e4bbccfd4996cb3dc -> 
  custom:framework-win-MediaFoundation: 216162199b28c13a410421893ffa2e32 -> 
  custom:CustomObjectIndexerAttribute: 72b91833f83ae208fae7752999fa3104 -> 
  custom:container-demuxer-webm: 4f35f7cbe854078d1ac9338744f61a02 -> 
  custom:container-muxer-webm: aa71ff27fc2769a1b78a27578f13a17b -> 
  custom:video-decoder-webm-vp8: 9c59270c3fd7afecdb556c50c9e8de78 -> 
  custom:SearchIndexIgnoredProperties: e643bd26f0fe6173181afceb89e7c659 -> 
  custom:AudioImporter_EditorPlatform: d09bf68614088b80899f8185d706f6e7 -> 
  custom:video-encoder-webm-vp8: eb34c28f22e8b96e1ab97ce403110664 -> 
  custom:audio-decoder-ogg-vorbis: bf7c407c2cedff20999df2af8eb42d56 -> 
  custom:audio-encoder-webm-vorbis: bf7c407c2cedff20999df2af8eb42d56 -> 
  custom:scripting/precompiled-assembly-types:Assembly-CSharp: a3286e588f2185aeddb73539bbd7024c -> 5067eed19507e5c54d6876c6374cab8d
========================================================================
Received Import Request.
  Time since last request: 75.823191 seconds.
  path: Assets/Prefab/System/Tool.prefab
  artifactKey: Guid(14a7a30da4902354a9ffa43e9d7e3b64) Importer(815301076,1909f56bfc062723c751e8b465ee728b)
Start importing Assets/Prefab/System/Tool.prefab using Guid(14a7a30da4902354a9ffa43e9d7e3b64) Importer(815301076,1909f56bfc062723c751e8b465ee728b) [PhysX] Initialized MultithreadedTaskDispatcher with 16 workers.
 -> (artifact id: '7c17c0181bb0ef2659b71f8c140d1a55') in 0.033707 seconds
Number of updated asset objects reloaded before import = 0
Number of asset objects unloaded after import = 24
========================================================================
Received Import Request.
  Time since last request: 2.422036 seconds.
  path: Assets/Prefab/System/Player System.prefab
  artifactKey: Guid(5831bfdbbfbbc2c47b9b90219a914d1e) Importer(815301076,1909f56bfc062723c751e8b465ee728b)
Start importing Assets/Prefab/System/Player System.prefab using Guid(5831bfdbbfbbc2c47b9b90219a914d1e) Importer(815301076,1909f56bfc062723c751e8b465ee728b) [PhysX] Initialized MultithreadedTaskDispatcher with 16 workers.
[PhysX] Initialized MultithreadedTaskDispatcher with 16 workers.
 -> (artifact id: '85d7f8976417b6d0bba392f05ff89658') in 0.258100 seconds
Number of updated asset objects reloaded before import = 0
Number of asset objects unloaded after import = 638
========================================================================
Received Import Request.
  Time since last request: 6.073531 seconds.
  path: Assets/_Scenes/Root.unity
  artifactKey: Guid(52c698572772f1f42a877b52c834fd4b) Importer(815301076,1909f56bfc062723c751e8b465ee728b)
Start importing Assets/_Scenes/Root.unity using Guid(52c698572772f1f42a877b52c834fd4b) Importer(815301076,1909f56bfc062723c751e8b465ee728b) [PhysX] Initialized MultithreadedTaskDispatcher with 16 workers.
 -> (artifact id: '559ccc3232d04182edf183510960b000') in 0.001003 seconds
Number of updated asset objects reloaded before import = 0
Number of asset objects unloaded after import = 0
========================================================================
Received Prepare
Caller must complete domain reload
Begin MonoManager ReloadAssembly
- Loaded All Assemblies, in  0.677 seconds
Native extension for WindowsStandalone target not found
Mono: successfully reloaded assembly
- Finished resetting the current domain, in  2.087 seconds
Domain Reload Profiling: 2749ms
	BeginReloadAssembly (215ms)
		ExecutionOrderSort (0ms)
		DisableScriptedObjects (10ms)
		BackupInstance (0ms)
		ReleaseScriptingObjects (0ms)
		CreateAndSetChildDomain (44ms)
	RebuildCommonClasses (30ms)
	RebuildNativeTypeToScriptingClass (10ms)
	initialDomainReloadingComplete (46ms)
	LoadAllAssembliesAndSetupDomain (361ms)
		LoadAssemblies (433ms)
		RebuildTransferFunctionScriptingTraits (0ms)
		AnalyzeDomain (45ms)
			TypeCache.Refresh (13ms)
				TypeCache.ScanAssembly (3ms)
			ScanForSourceGeneratedMonoScriptInfo (19ms)
			ResolveRequiredComponents (12ms)
	FinalizeReload (2087ms)
		ReleaseScriptCaches (0ms)
		RebuildScriptCaches (0ms)
		SetupLoadedEditorAssemblies (756ms)
			LogAssemblyErrors (0ms)
			InitializePlatformSupportModulesInManaged (7ms)
			SetLoadedEditorAssemblies (4ms)
			RefreshPlugins (0ms)
			BeforeProcessingInitializeOnLoad (108ms)
			ProcessInitializeOnLoadAttributes (569ms)
			ProcessInitializeOnLoadMethodAttributes (49ms)
			AfterProcessingInitializeOnLoad (19ms)
			EditorAssembliesLoaded (0ms)
		ExecutionOrderSort2 (0ms)
		AwakeInstancesAfterBackupRestoration (16ms)
Refreshing native plugins compatible for Editor in 23.50 ms, found 3 plugins.
Preloading 0 native plugins for Editor in 0.00 ms.
Unloading 4946 Unused Serialized files (Serialized files now loaded: 0)
Unloading 20 unused Assets / (316.5 KB). Loaded Objects now: 5715.
Memory consumption went from 182.9 MB to 182.6 MB.
Total: 4.498600 ms (FindLiveObjects: 0.382100 ms CreateObjectMapping: 0.315500 ms MarkObjects: 3.702000 ms  DeleteObjects: 0.098200 ms)

Prepare: number of updated asset objects reloaded= 0
AssetImportParameters requested are different than current active one (requested -> active):
  custom:container-demuxer-ogg: 62fdf1f143b41e24485cea50d1cbac27 -> 
  custom:scripting/monoscript/fileName/GameManager.cs: 9933fbcc6190e2a9171c2ec8808a053e -> 
  custom:video-decoder-ogg-theora: a1e56fd34408186e4bbccfd4996cb3dc -> 
  custom:framework-win-MediaFoundation: 216162199b28c13a410421893ffa2e32 -> 
  custom:CustomObjectIndexerAttribute: 72b91833f83ae208fae7752999fa3104 -> 
  custom:container-demuxer-webm: 4f35f7cbe854078d1ac9338744f61a02 -> 
  custom:container-muxer-webm: aa71ff27fc2769a1b78a27578f13a17b -> 
  custom:video-decoder-webm-vp8: 9c59270c3fd7afecdb556c50c9e8de78 -> 
  custom:SearchIndexIgnoredProperties: e643bd26f0fe6173181afceb89e7c659 -> 
  custom:AudioImporter_EditorPlatform: d09bf68614088b80899f8185d706f6e7 -> 
  custom:video-encoder-webm-vp8: eb34c28f22e8b96e1ab97ce403110664 -> 
  custom:audio-decoder-ogg-vorbis: bf7c407c2cedff20999df2af8eb42d56 -> 
  custom:audio-encoder-webm-vorbis: bf7c407c2cedff20999df2af8eb42d56 -> 
  custom:scripting/precompiled-assembly-types:Assembly-CSharp: a3286e588f2185aeddb73539bbd7024c -> 5067eed19507e5c54d6876c6374cab8d
========================================================================
Received Prepare
Caller must complete domain reload
Begin MonoManager ReloadAssembly
- Loaded All Assemblies, in  0.664 seconds
Native extension for WindowsStandalone target not found
Mono: successfully reloaded assembly
- Finished resetting the current domain, in  2.511 seconds
Domain Reload Profiling: 3160ms
	BeginReloadAssembly (213ms)
		ExecutionOrderSort (0ms)
		DisableScriptedObjects (5ms)
		BackupInstance (0ms)
		ReleaseScriptingObjects (0ms)
		CreateAndSetChildDomain (39ms)
	RebuildCommonClasses (32ms)
	RebuildNativeTypeToScriptingClass (9ms)
	initialDomainReloadingComplete (51ms)
	LoadAllAssembliesAndSetupDomain (343ms)
		LoadAssemblies (449ms)
		RebuildTransferFunctionScriptingTraits (0ms)
		AnalyzeDomain (19ms)
			TypeCache.Refresh (6ms)
				TypeCache.ScanAssembly (0ms)
			ScanForSourceGeneratedMonoScriptInfo (0ms)
			ResolveRequiredComponents (12ms)
	FinalizeReload (2512ms)
		ReleaseScriptCaches (0ms)
		RebuildScriptCaches (0ms)
		SetupLoadedEditorAssemblies (971ms)
			LogAssemblyErrors (0ms)
			InitializePlatformSupportModulesInManaged (9ms)
			SetLoadedEditorAssemblies (6ms)
			RefreshPlugins (0ms)
			BeforeProcessingInitializeOnLoad (141ms)
			ProcessInitializeOnLoadAttributes (724ms)
			ProcessInitializeOnLoadMethodAttributes (66ms)
			AfterProcessingInitializeOnLoad (25ms)
			EditorAssembliesLoaded (0ms)
		ExecutionOrderSort2 (0ms)
		AwakeInstancesAfterBackupRestoration (22ms)
Refreshing native plugins compatible for Editor in 25.30 ms, found 3 plugins.
Preloading 0 native plugins for Editor in 0.00 ms.
Unloading 4946 Unused Serialized files (Serialized files now loaded: 0)
Unloading 20 unused Assets / (316.5 KB). Loaded Objects now: 5719.
Memory consumption went from 182.8 MB to 182.5 MB.
Total: 5.045600 ms (FindLiveObjects: 0.486800 ms CreateObjectMapping: 0.609500 ms MarkObjects: 3.814700 ms  DeleteObjects: 0.133600 ms)

Prepare: number of updated asset objects reloaded= 0
AssetImportParameters requested are different than current active one (requested -> active):
  custom:container-demuxer-ogg: 62fdf1f143b41e24485cea50d1cbac27 -> 
  custom:scripting/monoscript/fileName/GameManager.cs: 9933fbcc6190e2a9171c2ec8808a053e -> 
  custom:video-decoder-ogg-theora: a1e56fd34408186e4bbccfd4996cb3dc -> 
  custom:framework-win-MediaFoundation: 216162199b28c13a410421893ffa2e32 -> 
  custom:CustomObjectIndexerAttribute: 72b91833f83ae208fae7752999fa3104 -> 
  custom:container-demuxer-webm: 4f35f7cbe854078d1ac9338744f61a02 -> 
  custom:container-muxer-webm: aa71ff27fc2769a1b78a27578f13a17b -> 
  custom:video-decoder-webm-vp8: 9c59270c3fd7afecdb556c50c9e8de78 -> 
  custom:SearchIndexIgnoredProperties: e643bd26f0fe6173181afceb89e7c659 -> 
  custom:AudioImporter_EditorPlatform: d09bf68614088b80899f8185d706f6e7 -> 
  custom:video-encoder-webm-vp8: eb34c28f22e8b96e1ab97ce403110664 -> 
  custom:audio-decoder-ogg-vorbis: bf7c407c2cedff20999df2af8eb42d56 -> 
  custom:audio-encoder-webm-vorbis: bf7c407c2cedff20999df2af8eb42d56 -> 
  custom:scripting/precompiled-assembly-types:Assembly-CSharp: a3286e588f2185aeddb73539bbd7024c -> 5067eed19507e5c54d6876c6374cab8d
========================================================================
Received Prepare
Caller must complete domain reload
Begin MonoManager ReloadAssembly
- Loaded All Assemblies, in  0.664 seconds
Native extension for WindowsStandalone target not found
Mono: successfully reloaded assembly
- Finished resetting the current domain, in  2.438 seconds
Domain Reload Profiling: 3087ms
	BeginReloadAssembly (214ms)
		ExecutionOrderSort (0ms)
		DisableScriptedObjects (5ms)
		BackupInstance (0ms)
		ReleaseScriptingObjects (0ms)
		CreateAndSetChildDomain (40ms)
	RebuildCommonClasses (31ms)
	RebuildNativeTypeToScriptingClass (9ms)
	initialDomainReloadingComplete (51ms)
	LoadAllAssembliesAndSetupDomain (342ms)
		LoadAssemblies (446ms)
		RebuildTransferFunctionScriptingTraits (0ms)
		AnalyzeDomain (18ms)
			TypeCache.Refresh (5ms)
				TypeCache.ScanAssembly (0ms)
			ScanForSourceGeneratedMonoScriptInfo (0ms)
			ResolveRequiredComponents (11ms)
	FinalizeReload (2438ms)
		ReleaseScriptCaches (0ms)
		RebuildScriptCaches (0ms)
		SetupLoadedEditorAssemblies (965ms)
			LogAssemblyErrors (0ms)
			InitializePlatformSupportModulesInManaged (10ms)
			SetLoadedEditorAssemblies (6ms)
			RefreshPlugins (0ms)
			BeforeProcessingInitializeOnLoad (138ms)
			ProcessInitializeOnLoadAttributes (724ms)
			ProcessInitializeOnLoadMethodAttributes (63ms)
			AfterProcessingInitializeOnLoad (24ms)
			EditorAssembliesLoaded (0ms)
		ExecutionOrderSort2 (0ms)
		AwakeInstancesAfterBackupRestoration (21ms)
Refreshing native plugins compatible for Editor in 23.65 ms, found 3 plugins.
Preloading 0 native plugins for Editor in 0.00 ms.
Unloading 4946 Unused Serialized files (Serialized files now loaded: 0)
Unloading 20 unused Assets / (316.5 KB). Loaded Objects now: 5723.
Memory consumption went from 182.8 MB to 182.5 MB.
Total: 6.186900 ms (FindLiveObjects: 0.631300 ms CreateObjectMapping: 0.752100 ms MarkObjects: 4.649600 ms  DeleteObjects: 0.152900 ms)

Prepare: number of updated asset objects reloaded= 0
AssetImportParameters requested are different than current active one (requested -> active):
  custom:container-demuxer-ogg: 62fdf1f143b41e24485cea50d1cbac27 -> 
  custom:scripting/monoscript/fileName/GameManager.cs: 9933fbcc6190e2a9171c2ec8808a053e -> 
  custom:video-decoder-ogg-theora: a1e56fd34408186e4bbccfd4996cb3dc -> 
  custom:framework-win-MediaFoundation: 216162199b28c13a410421893ffa2e32 -> 
  custom:CustomObjectIndexerAttribute: 72b91833f83ae208fae7752999fa3104 -> 
  custom:container-demuxer-webm: 4f35f7cbe854078d1ac9338744f61a02 -> 
  custom:container-muxer-webm: aa71ff27fc2769a1b78a27578f13a17b -> 
  custom:video-decoder-webm-vp8: 9c59270c3fd7afecdb556c50c9e8de78 -> 
  custom:SearchIndexIgnoredProperties: e643bd26f0fe6173181afceb89e7c659 -> 
  custom:AudioImporter_EditorPlatform: d09bf68614088b80899f8185d706f6e7 -> 
  custom:video-encoder-webm-vp8: eb34c28f22e8b96e1ab97ce403110664 -> 
  custom:audio-decoder-ogg-vorbis: bf7c407c2cedff20999df2af8eb42d56 -> 
  custom:audio-encoder-webm-vorbis: bf7c407c2cedff20999df2af8eb42d56 -> 
  custom:scripting/precompiled-assembly-types:Assembly-CSharp: a3286e588f2185aeddb73539bbd7024c -> 5067eed19507e5c54d6876c6374cab8d
========================================================================
Received Import Request.
  Time since last request: 1003.484606 seconds.
  path: Assets/Prefab/System/Player System.prefab
  artifactKey: Guid(5831bfdbbfbbc2c47b9b90219a914d1e) Importer(815301076,1909f56bfc062723c751e8b465ee728b)
Start importing Assets/Prefab/System/Player System.prefab using Guid(5831bfdbbfbbc2c47b9b90219a914d1e) Importer(815301076,1909f56bfc062723c751e8b465ee728b) [PhysX] Initialized MultithreadedTaskDispatcher with 16 workers.
[PhysX] Initialized MultithreadedTaskDispatcher with 16 workers.
 -> (artifact id: '1a169a989287f744bbbff2fc5467d31f') in 0.305947 seconds
Number of updated asset objects reloaded before import = 0
Number of asset objects unloaded after import = 638
========================================================================
Received Import Request.
  Time since last request: 1353.776321 seconds.
  path: Assets/Prefab/System/Map System.prefab
  artifactKey: Guid(03028694caadee346a3ec6378f9046df) Importer(815301076,1909f56bfc062723c751e8b465ee728b)
Start importing Assets/Prefab/System/Map System.prefab using Guid(03028694caadee346a3ec6378f9046df) Importer(815301076,1909f56bfc062723c751e8b465ee728b) [PhysX] Initialized MultithreadedTaskDispatcher with 16 workers.
 -> (artifact id: '1d49bbfe0c36e6a0146b647d451811fb') in 0.024164 seconds
Number of updated asset objects reloaded before import = 0
Number of asset objects unloaded after import = 324
========================================================================
Received Import Request.
  Time since last request: 45.200086 seconds.
  path: Assets/Prefab/System/Map System.prefab
  artifactKey: Guid(03028694caadee346a3ec6378f9046df) Importer(815301076,1909f56bfc062723c751e8b465ee728b)
Start importing Assets/Prefab/System/Map System.prefab using Guid(03028694caadee346a3ec6378f9046df) Importer(815301076,1909f56bfc062723c751e8b465ee728b) [PhysX] Initialized MultithreadedTaskDispatcher with 16 workers.
 -> (artifact id: '140c33e3e2ed99fd866bd70ab80feee2') in 0.012359 seconds
Number of updated asset objects reloaded before import = 0
Number of asset objects unloaded after import = 317
========================================================================
Received Import Request.
  Time since last request: 57.744059 seconds.
  path: Assets/Prefab/Resources/Rock.prefab
  artifactKey: Guid(200e8cdcadb9f47a4b954b6a6b753ba2) Importer(815301076,1909f56bfc062723c751e8b465ee728b)
Start importing Assets/Prefab/Resources/Rock.prefab using Guid(200e8cdcadb9f47a4b954b6a6b753ba2) Importer(815301076,1909f56bfc062723c751e8b465ee728b) [PhysX] Initialized MultithreadedTaskDispatcher with 16 workers.
[PhysX] Initialized MultithreadedTaskDispatcher with 16 workers.
 -> (artifact id: 'aa6d9e56e3a7f1ded3fb72efd5226a58') in 0.025682 seconds
Number of updated asset objects reloaded before import = 0
Number of asset objects unloaded after import = 26
========================================================================
Received Import Request.
  Time since last request: 0.000022 seconds.
  path: Assets/Prefab/Resources/Wood.prefab
  artifactKey: Guid(c6f263731aef14fb9b547f185602d9d0) Importer(815301076,1909f56bfc062723c751e8b465ee728b)
Start importing Assets/Prefab/Resources/Wood.prefab using Guid(c6f263731aef14fb9b547f185602d9d0) Importer(815301076,1909f56bfc062723c751e8b465ee728b) [PhysX] Initialized MultithreadedTaskDispatcher with 16 workers.
[PhysX] Initialized MultithreadedTaskDispatcher with 16 workers.
 -> (artifact id: 'f1c3650c817ce6af3f966d1557387d18') in 0.013468 seconds
Number of updated asset objects reloaded before import = 0
Number of asset objects unloaded after import = 26
========================================================================
Received Import Request.
  Time since last request: 1.991579 seconds.
  path: Assets/Prefab/Resources/Previews/Wood Preview.prefab
  artifactKey: Guid(0ba6314fdc46a4f89807b75d241af486) Importer(815301076,1909f56bfc062723c751e8b465ee728b)
Start importing Assets/Prefab/Resources/Previews/Wood Preview.prefab using Guid(0ba6314fdc46a4f89807b75d241af486) Importer(815301076,1909f56bfc062723c751e8b465ee728b) [PhysX] Initialized MultithreadedTaskDispatcher with 16 workers.
[PhysX] Initialized MultithreadedTaskDispatcher with 16 workers.
 -> (artifact id: '6b1e08bd068a6e9aa34fd856ad7950d3') in 0.015914 seconds
Number of updated asset objects reloaded before import = 0
Number of asset objects unloaded after import = 40
========================================================================
Received Import Request.
  Time since last request: 5.256343 seconds.
  path: Assets/Prefab/Resources/ResourceHolder.prefab
  artifactKey: Guid(46ca137cd26cb0a46b4e6e4f7ea3e755) Importer(815301076,1909f56bfc062723c751e8b465ee728b)
Start importing Assets/Prefab/Resources/ResourceHolder.prefab using Guid(46ca137cd26cb0a46b4e6e4f7ea3e755) Importer(815301076,1909f56bfc062723c751e8b465ee728b) [PhysX] Initialized MultithreadedTaskDispatcher with 16 workers.
[PhysX] Initialized MultithreadedTaskDispatcher with 16 workers.
 -> (artifact id: 'fc4d0ebbfb21d08faa0ecca44dd1c023') in 0.053377 seconds
Number of updated asset objects reloaded before import = 0
Number of asset objects unloaded after import = 1380
========================================================================
Received Import Request.
  Time since last request: 5.010519 seconds.
  path: Assets/Prefab/System/Resource System.prefab
  artifactKey: Guid(4b846a549060bae438157bbc660a85b6) Importer(815301076,1909f56bfc062723c751e8b465ee728b)
Start importing Assets/Prefab/System/Resource System.prefab using Guid(4b846a549060bae438157bbc660a85b6) Importer(815301076,1909f56bfc062723c751e8b465ee728b) [PhysX] Initialized MultithreadedTaskDispatcher with 16 workers.
[PhysX] Initialized MultithreadedTaskDispatcher with 16 workers.
 -> (artifact id: '61ed2a07c8a19f2a34ecf1e55b8e98ac') in 0.049715 seconds
Number of updated asset objects reloaded before import = 0
Number of asset objects unloaded after import = 2560
========================================================================
Received Prepare
Caller must complete domain reload
Begin MonoManager ReloadAssembly
- Loaded All Assemblies, in  0.709 seconds
Native extension for WindowsStandalone target not found
Mono: successfully reloaded assembly
- Finished resetting the current domain, in  2.163 seconds
Domain Reload Profiling: 2859ms
	BeginReloadAssembly (219ms)
		ExecutionOrderSort (0ms)
		DisableScriptedObjects (10ms)
		BackupInstance (0ms)
		ReleaseScriptingObjects (0ms)
		CreateAndSetChildDomain (44ms)
	RebuildCommonClasses (30ms)
	RebuildNativeTypeToScriptingClass (9ms)
	initialDomainReloadingComplete (51ms)
	LoadAllAssembliesAndSetupDomain (386ms)
		LoadAssemblies (487ms)
		RebuildTransferFunctionScriptingTraits (0ms)
		AnalyzeDomain (18ms)
			TypeCache.Refresh (5ms)
				TypeCache.ScanAssembly (0ms)
			ScanForSourceGeneratedMonoScriptInfo (0ms)
			ResolveRequiredComponents (12ms)
	FinalizeReload (2163ms)
		ReleaseScriptCaches (0ms)
		RebuildScriptCaches (0ms)
		SetupLoadedEditorAssemblies (836ms)
			LogAssemblyErrors (0ms)
			InitializePlatformSupportModulesInManaged (7ms)
			SetLoadedEditorAssemblies (5ms)
			RefreshPlugins (0ms)
			BeforeProcessingInitializeOnLoad (127ms)
			ProcessInitializeOnLoadAttributes (624ms)
			ProcessInitializeOnLoadMethodAttributes (53ms)
			AfterProcessingInitializeOnLoad (20ms)
			EditorAssembliesLoaded (0ms)
		ExecutionOrderSort2 (0ms)
		AwakeInstancesAfterBackupRestoration (17ms)
Refreshing native plugins compatible for Editor in 21.01 ms, found 3 plugins.
Preloading 0 native plugins for Editor in 0.00 ms.
Unloading 4946 Unused Serialized files (Serialized files now loaded: 0)
Unloading 20 unused Assets / (316.5 KB). Loaded Objects now: 5763.
Memory consumption went from 183.1 MB to 182.8 MB.
Total: 4.492900 ms (FindLiveObjects: 0.433500 ms CreateObjectMapping: 0.438500 ms MarkObjects: 3.512600 ms  DeleteObjects: 0.107500 ms)

Prepare: number of updated asset objects reloaded= 0
AssetImportParameters requested are different than current active one (requested -> active):
  custom:container-demuxer-ogg: 62fdf1f143b41e24485cea50d1cbac27 -> 
  custom:scripting/monoscript/fileName/GameManager.cs: 9933fbcc6190e2a9171c2ec8808a053e -> 
  custom:video-decoder-ogg-theora: a1e56fd34408186e4bbccfd4996cb3dc -> 
  custom:framework-win-MediaFoundation: 216162199b28c13a410421893ffa2e32 -> 
  custom:CustomObjectIndexerAttribute: 72b91833f83ae208fae7752999fa3104 -> 
  custom:container-demuxer-webm: 4f35f7cbe854078d1ac9338744f61a02 -> 
  custom:container-muxer-webm: aa71ff27fc2769a1b78a27578f13a17b -> 
  custom:video-decoder-webm-vp8: 9c59270c3fd7afecdb556c50c9e8de78 -> 
  custom:SearchIndexIgnoredProperties: e643bd26f0fe6173181afceb89e7c659 -> 
  custom:AudioImporter_EditorPlatform: d09bf68614088b80899f8185d706f6e7 -> 
  custom:video-encoder-webm-vp8: eb34c28f22e8b96e1ab97ce403110664 -> 
  custom:audio-decoder-ogg-vorbis: bf7c407c2cedff20999df2af8eb42d56 -> 
  custom:audio-encoder-webm-vorbis: bf7c407c2cedff20999df2af8eb42d56 -> 
  custom:scripting/precompiled-assembly-types:Assembly-CSharp: a3286e588f2185aeddb73539bbd7024c -> 5067eed19507e5c54d6876c6374cab8d
========================================================================
Received Import Request.
  Time since last request: 83.257956 seconds.
  path: Assets/Prefab/System/Map System.prefab
  artifactKey: Guid(03028694caadee346a3ec6378f9046df) Importer(815301076,1909f56bfc062723c751e8b465ee728b)
Start importing Assets/Prefab/System/Map System.prefab using Guid(03028694caadee346a3ec6378f9046df) Importer(815301076,1909f56bfc062723c751e8b465ee728b) [PhysX] Initialized MultithreadedTaskDispatcher with 16 workers.
 -> (artifact id: '501f07a183dc44170dd4b954d8f5f34b') in 0.060526 seconds
Number of updated asset objects reloaded before import = 0
Number of asset objects unloaded after import = 1494
========================================================================
Received Prepare
Caller must complete domain reload
Begin MonoManager ReloadAssembly
- Loaded All Assemblies, in  0.664 seconds
Native extension for WindowsStandalone target not found
Mono: successfully reloaded assembly
- Finished resetting the current domain, in  2.245 seconds
Domain Reload Profiling: 2893ms
	BeginReloadAssembly (217ms)
		ExecutionOrderSort (0ms)
		DisableScriptedObjects (5ms)
		BackupInstance (0ms)
		ReleaseScriptingObjects (0ms)
		CreateAndSetChildDomain (41ms)
	RebuildCommonClasses (32ms)
	RebuildNativeTypeToScriptingClass (10ms)
	initialDomainReloadingComplete (52ms)
	LoadAllAssembliesAndSetupDomain (338ms)
		LoadAssemblies (444ms)
		RebuildTransferFunctionScriptingTraits (0ms)
		AnalyzeDomain (20ms)
			TypeCache.Refresh (5ms)
				TypeCache.ScanAssembly (0ms)
			ScanForSourceGeneratedMonoScriptInfo (0ms)
			ResolveRequiredComponents (12ms)
	FinalizeReload (2245ms)
		ReleaseScriptCaches (0ms)
		RebuildScriptCaches (0ms)
		SetupLoadedEditorAssemblies (805ms)
			LogAssemblyErrors (0ms)
			InitializePlatformSupportModulesInManaged (7ms)
			SetLoadedEditorAssemblies (4ms)
			RefreshPlugins (0ms)
			BeforeProcessingInitializeOnLoad (118ms)
			ProcessInitializeOnLoadAttributes (600ms)
			ProcessInitializeOnLoadMethodAttributes (54ms)
			AfterProcessingInitializeOnLoad (21ms)
			EditorAssembliesLoaded (0ms)
		ExecutionOrderSort2 (0ms)
		AwakeInstancesAfterBackupRestoration (18ms)
Refreshing native plugins compatible for Editor in 21.04 ms, found 3 plugins.
Preloading 0 native plugins for Editor in 0.00 ms.
Unloading 4946 Unused Serialized files (Serialized files now loaded: 0)
Unloading 20 unused Assets / (316.5 KB). Loaded Objects now: 5767.
Memory consumption went from 183.0 MB to 182.7 MB.
Total: 4.531000 ms (FindLiveObjects: 0.494700 ms CreateObjectMapping: 0.422800 ms MarkObjects: 3.506300 ms  DeleteObjects: 0.105900 ms)

Prepare: number of updated asset objects reloaded= 0
AssetImportParameters requested are different than current active one (requested -> active):
  custom:container-demuxer-ogg: 62fdf1f143b41e24485cea50d1cbac27 -> 
  custom:scripting/monoscript/fileName/GameManager.cs: 9933fbcc6190e2a9171c2ec8808a053e -> 
  custom:video-decoder-ogg-theora: a1e56fd34408186e4bbccfd4996cb3dc -> 
  custom:framework-win-MediaFoundation: 216162199b28c13a410421893ffa2e32 -> 
  custom:CustomObjectIndexerAttribute: 72b91833f83ae208fae7752999fa3104 -> 
  custom:container-demuxer-webm: 4f35f7cbe854078d1ac9338744f61a02 -> 
  custom:container-muxer-webm: aa71ff27fc2769a1b78a27578f13a17b -> 
  custom:video-decoder-webm-vp8: 9c59270c3fd7afecdb556c50c9e8de78 -> 
  custom:SearchIndexIgnoredProperties: e643bd26f0fe6173181afceb89e7c659 -> 
  custom:AudioImporter_EditorPlatform: d09bf68614088b80899f8185d706f6e7 -> 
  custom:video-encoder-webm-vp8: eb34c28f22e8b96e1ab97ce403110664 -> 
  custom:audio-decoder-ogg-vorbis: bf7c407c2cedff20999df2af8eb42d56 -> 
  custom:audio-encoder-webm-vorbis: bf7c407c2cedff20999df2af8eb42d56 -> 
  custom:scripting/precompiled-assembly-types:Assembly-CSharp: a3286e588f2185aeddb73539bbd7024c -> 5067eed19507e5c54d6876c6374cab8d
========================================================================
Received Import Request.
  Time since last request: 125.678675 seconds.
  path: Assets/Prefab/System/Tool.prefab
  artifactKey: Guid(14a7a30da4902354a9ffa43e9d7e3b64) Importer(815301076,1909f56bfc062723c751e8b465ee728b)
Start importing Assets/Prefab/System/Tool.prefab using Guid(14a7a30da4902354a9ffa43e9d7e3b64) Importer(815301076,1909f56bfc062723c751e8b465ee728b) [PhysX] Initialized MultithreadedTaskDispatcher with 16 workers.
 -> (artifact id: '00b7ebd00f237fa30473172e930d8e0c') in 0.042658 seconds
Number of updated asset objects reloaded before import = 0
Number of asset objects unloaded after import = 213
========================================================================
Received Import Request.
  Time since last request: 31.336959 seconds.
  path: Assets/_Scenes/Game.unity
  artifactKey: Guid(5ae3bb92957bde747acc114d4da070f7) Importer(815301076,1909f56bfc062723c751e8b465ee728b)
Start importing Assets/_Scenes/Game.unity using Guid(5ae3bb92957bde747acc114d4da070f7) Importer(815301076,1909f56bfc062723c751e8b465ee728b) [PhysX] Initialized MultithreadedTaskDispatcher with 16 workers.
 -> (artifact id: '1a121a9cea1ba4e3940c5364328249fa') in 0.001005 seconds
Number of updated asset objects reloaded before import = 0
Number of asset objects unloaded after import = 0
========================================================================
Received Import Request.
  Time since last request: 90.638112 seconds.
  path: Assets/Prefab/System/Map System.prefab
  artifactKey: Guid(03028694caadee346a3ec6378f9046df) Importer(815301076,1909f56bfc062723c751e8b465ee728b)
Start importing Assets/Prefab/System/Map System.prefab using Guid(03028694caadee346a3ec6378f9046df) Importer(815301076,1909f56bfc062723c751e8b465ee728b) [PhysX] Initialized MultithreadedTaskDispatcher with 16 workers.
[PhysX] Initialized MultithreadedTaskDispatcher with 16 workers.
 -> (artifact id: '3edd2cc557d026fcc2971c5ad86eefeb') in 0.312111 seconds
Number of updated asset objects reloaded before import = 0
Number of asset objects unloaded after import = 3012
========================================================================
Received Prepare
Caller must complete domain reload
Begin MonoManager ReloadAssembly
- Loaded All Assemblies, in  0.663 seconds
Native extension for WindowsStandalone target not found
Mono: successfully reloaded assembly
- Finished resetting the current domain, in  2.221 seconds
Domain Reload Profiling: 2870ms
	BeginReloadAssembly (218ms)
		ExecutionOrderSort (0ms)
		DisableScriptedObjects (10ms)
		BackupInstance (0ms)
		ReleaseScriptingObjects (0ms)
		CreateAndSetChildDomain (43ms)
	RebuildCommonClasses (32ms)
	RebuildNativeTypeToScriptingClass (9ms)
	initialDomainReloadingComplete (49ms)
	LoadAllAssembliesAndSetupDomain (340ms)
		LoadAssemblies (438ms)
		RebuildTransferFunctionScriptingTraits (0ms)
		AnalyzeDomain (22ms)
			TypeCache.Refresh (5ms)
				TypeCache.ScanAssembly (0ms)
			ScanForSourceGeneratedMonoScriptInfo (0ms)
			ResolveRequiredComponents (15ms)
	FinalizeReload (2222ms)
		ReleaseScriptCaches (0ms)
		RebuildScriptCaches (0ms)
		SetupLoadedEditorAssemblies (833ms)
			LogAssemblyErrors (0ms)
			InitializePlatformSupportModulesInManaged (7ms)
			SetLoadedEditorAssemblies (4ms)
			RefreshPlugins (0ms)
			BeforeProcessingInitializeOnLoad (121ms)
			ProcessInitializeOnLoadAttributes (631ms)
			ProcessInitializeOnLoadMethodAttributes (52ms)
			AfterProcessingInitializeOnLoad (19ms)
			EditorAssembliesLoaded (0ms)
		ExecutionOrderSort2 (0ms)
		AwakeInstancesAfterBackupRestoration (24ms)
Refreshing native plugins compatible for Editor in 26.06 ms, found 3 plugins.
Preloading 0 native plugins for Editor in 0.00 ms.
Unloading 4946 Unused Serialized files (Serialized files now loaded: 0)
Unloading 20 unused Assets / (316.6 KB). Loaded Objects now: 5807.
Memory consumption went from 183.2 MB to 182.9 MB.
Total: 4.137800 ms (FindLiveObjects: 0.400600 ms CreateObjectMapping: 0.335000 ms MarkObjects: 3.303900 ms  DeleteObjects: 0.097600 ms)

Prepare: number of updated asset objects reloaded= 0
AssetImportParameters requested are different than current active one (requested -> active):
  custom:container-demuxer-ogg: 62fdf1f143b41e24485cea50d1cbac27 -> 
  custom:scripting/monoscript/fileName/GameManager.cs: 9933fbcc6190e2a9171c2ec8808a053e -> 
  custom:video-decoder-ogg-theora: a1e56fd34408186e4bbccfd4996cb3dc -> 
  custom:framework-win-MediaFoundation: 216162199b28c13a410421893ffa2e32 -> 
  custom:CustomObjectIndexerAttribute: 72b91833f83ae208fae7752999fa3104 -> 
  custom:container-demuxer-webm: 4f35f7cbe854078d1ac9338744f61a02 -> 
  custom:container-muxer-webm: aa71ff27fc2769a1b78a27578f13a17b -> 
  custom:video-decoder-webm-vp8: 9c59270c3fd7afecdb556c50c9e8de78 -> 
  custom:SearchIndexIgnoredProperties: e643bd26f0fe6173181afceb89e7c659 -> 
  custom:AudioImporter_EditorPlatform: d09bf68614088b80899f8185d706f6e7 -> 
  custom:video-encoder-webm-vp8: eb34c28f22e8b96e1ab97ce403110664 -> 
  custom:audio-decoder-ogg-vorbis: bf7c407c2cedff20999df2af8eb42d56 -> 
  custom:audio-encoder-webm-vorbis: bf7c407c2cedff20999df2af8eb42d56 -> 
  custom:scripting/precompiled-assembly-types:Assembly-CSharp: a3286e588f2185aeddb73539bbd7024c -> 5067eed19507e5c54d6876c6374cab8d
========================================================================
Received Prepare
Caller must complete domain reload
Begin MonoManager ReloadAssembly
- Loaded All Assemblies, in  0.644 seconds
Native extension for WindowsStandalone target not found
Mono: successfully reloaded assembly
- Finished resetting the current domain, in  2.262 seconds
Domain Reload Profiling: 2891ms
	BeginReloadAssembly (206ms)
		ExecutionOrderSort (0ms)
		DisableScriptedObjects (4ms)
		BackupInstance (0ms)
		ReleaseScriptingObjects (0ms)
		CreateAndSetChildDomain (38ms)
	RebuildCommonClasses (30ms)
	RebuildNativeTypeToScriptingClass (9ms)
	initialDomainReloadingComplete (48ms)
	LoadAllAssembliesAndSetupDomain (335ms)
		LoadAssemblies (431ms)
		RebuildTransferFunctionScriptingTraits (0ms)
		AnalyzeDomain (20ms)
			TypeCache.Refresh (6ms)
				TypeCache.ScanAssembly (0ms)
			ScanForSourceGeneratedMonoScriptInfo (0ms)
			ResolveRequiredComponents (13ms)
	FinalizeReload (2262ms)
		ReleaseScriptCaches (0ms)
		RebuildScriptCaches (0ms)
		SetupLoadedEditorAssemblies (875ms)
			LogAssemblyErrors (0ms)
			InitializePlatformSupportModulesInManaged (7ms)
			SetLoadedEditorAssemblies (5ms)
			RefreshPlugins (0ms)
			BeforeProcessingInitializeOnLoad (127ms)
			ProcessInitializeOnLoadAttributes (660ms)
			ProcessInitializeOnLoadMethodAttributes (56ms)
			AfterProcessingInitializeOnLoad (21ms)
			EditorAssembliesLoaded (0ms)
		ExecutionOrderSort2 (0ms)
		AwakeInstancesAfterBackupRestoration (17ms)
Refreshing native plugins compatible for Editor in 22.14 ms, found 3 plugins.
Preloading 0 native plugins for Editor in 0.00 ms.
Unloading 4946 Unused Serialized files (Serialized files now loaded: 0)
Unloading 20 unused Assets / (316.5 KB). Loaded Objects now: 5811.
Memory consumption went from 183.1 MB to 182.8 MB.
Total: 5.247600 ms (FindLiveObjects: 0.669400 ms CreateObjectMapping: 0.445800 ms MarkObjects: 3.994100 ms  DeleteObjects: 0.137100 ms)

Prepare: number of updated asset objects reloaded= 0
AssetImportParameters requested are different than current active one (requested -> active):
  custom:container-demuxer-ogg: 62fdf1f143b41e24485cea50d1cbac27 -> 
  custom:scripting/monoscript/fileName/GameManager.cs: 9933fbcc6190e2a9171c2ec8808a053e -> 
  custom:video-decoder-ogg-theora: a1e56fd34408186e4bbccfd4996cb3dc -> 
  custom:framework-win-MediaFoundation: 216162199b28c13a410421893ffa2e32 -> 
  custom:CustomObjectIndexerAttribute: 72b91833f83ae208fae7752999fa3104 -> 
  custom:container-demuxer-webm: 4f35f7cbe854078d1ac9338744f61a02 -> 
  custom:container-muxer-webm: aa71ff27fc2769a1b78a27578f13a17b -> 
  custom:video-decoder-webm-vp8: 9c59270c3fd7afecdb556c50c9e8de78 -> 
  custom:SearchIndexIgnoredProperties: e643bd26f0fe6173181afceb89e7c659 -> 
  custom:AudioImporter_EditorPlatform: d09bf68614088b80899f8185d706f6e7 -> 
  custom:video-encoder-webm-vp8: eb34c28f22e8b96e1ab97ce403110664 -> 
  custom:audio-decoder-ogg-vorbis: bf7c407c2cedff20999df2af8eb42d56 -> 
  custom:audio-encoder-webm-vorbis: bf7c407c2cedff20999df2af8eb42d56 -> 
  custom:scripting/precompiled-assembly-types:Assembly-CSharp: a3286e588f2185aeddb73539bbd7024c -> 5067eed19507e5c54d6876c6374cab8d
========================================================================
Received Import Request.
  Time since last request: 132.868175 seconds.
  path: Assets/Prefab/System/Map System.prefab
  artifactKey: Guid(03028694caadee346a3ec6378f9046df) Importer(815301076,1909f56bfc062723c751e8b465ee728b)
Start importing Assets/Prefab/System/Map System.prefab using Guid(03028694caadee346a3ec6378f9046df) Importer(815301076,1909f56bfc062723c751e8b465ee728b) [PhysX] Initialized MultithreadedTaskDispatcher with 16 workers.
[PhysX] Initialized MultithreadedTaskDispatcher with 16 workers.
 -> (artifact id: 'f2d76fe6849d8a96088575a0560703e7') in 0.328752 seconds
Number of updated asset objects reloaded before import = 0
Number of asset objects unloaded after import = 1813
========================================================================
Received Import Request.
  Time since last request: 14.758270 seconds.
  path: Assets/Prefab/System/Map System.prefab
  artifactKey: Guid(03028694caadee346a3ec6378f9046df) Importer(815301076,1909f56bfc062723c751e8b465ee728b)
Start importing Assets/Prefab/System/Map System.prefab using Guid(03028694caadee346a3ec6378f9046df) Importer(815301076,1909f56bfc062723c751e8b465ee728b) [PhysX] Initialized MultithreadedTaskDispatcher with 16 workers.
[PhysX] Initialized MultithreadedTaskDispatcher with 16 workers.
 -> (artifact id: '7fa115ac781bab3624a346d67ed1ec14') in 0.069585 seconds
Number of updated asset objects reloaded before import = 0
Number of asset objects unloaded after import = 1794
========================================================================
Received Import Request.
  Time since last request: 38.477341 seconds.
  path: Assets/Prefab/System/Tool.prefab
  artifactKey: Guid(14a7a30da4902354a9ffa43e9d7e3b64) Importer(815301076,1909f56bfc062723c751e8b465ee728b)
Start importing Assets/Prefab/System/Tool.prefab using Guid(14a7a30da4902354a9ffa43e9d7e3b64) Importer(815301076,1909f56bfc062723c751e8b465ee728b) [PhysX] Initialized MultithreadedTaskDispatcher with 16 workers.
 -> (artifact id: 'a2a0793b6042661e97e63c002185af47') in 0.011511 seconds
Number of updated asset objects reloaded before import = 0
Number of asset objects unloaded after import = 220
========================================================================
Received Prepare
Caller must complete domain reload
Begin MonoManager ReloadAssembly
- Loaded All Assemblies, in  0.657 seconds
Native extension for WindowsStandalone target not found
Mono: successfully reloaded assembly
- Finished resetting the current domain, in  2.208 seconds
Domain Reload Profiling: 2851ms
	BeginReloadAssembly (212ms)
		ExecutionOrderSort (0ms)
		DisableScriptedObjects (10ms)
		BackupInstance (0ms)
		ReleaseScriptingObjects (0ms)
		CreateAndSetChildDomain (44ms)
	RebuildCommonClasses (36ms)
	RebuildNativeTypeToScriptingClass (12ms)
	initialDomainReloadingComplete (51ms)
	LoadAllAssembliesAndSetupDomain (333ms)
		LoadAssemblies (429ms)
		RebuildTransferFunctionScriptingTraits (0ms)
		AnalyzeDomain (19ms)
			TypeCache.Refresh (6ms)
				TypeCache.ScanAssembly (0ms)
			ScanForSourceGeneratedMonoScriptInfo (0ms)
			ResolveRequiredComponents (11ms)
	FinalizeReload (2209ms)
		ReleaseScriptCaches (0ms)
		RebuildScriptCaches (0ms)
		SetupLoadedEditorAssemblies (812ms)
			LogAssemblyErrors (0ms)
			InitializePlatformSupportModulesInManaged (7ms)
			SetLoadedEditorAssemblies (4ms)
			RefreshPlugins (0ms)
			BeforeProcessingInitializeOnLoad (121ms)
			ProcessInitializeOnLoadAttributes (607ms)
			ProcessInitializeOnLoadMethodAttributes (55ms)
			AfterProcessingInitializeOnLoad (18ms)
			EditorAssembliesLoaded (0ms)
		ExecutionOrderSort2 (0ms)
		AwakeInstancesAfterBackupRestoration (17ms)
Refreshing native plugins compatible for Editor in 21.05 ms, found 3 plugins.
Preloading 0 native plugins for Editor in 0.00 ms.
Unloading 4946 Unused Serialized files (Serialized files now loaded: 0)
Unloading 20 unused Assets / (316.4 KB). Loaded Objects now: 5851.
Memory consumption went from 183.2 MB to 182.9 MB.
Total: 7.484900 ms (FindLiveObjects: 1.258900 ms CreateObjectMapping: 0.724500 ms MarkObjects: 5.260000 ms  DeleteObjects: 0.239000 ms)

Prepare: number of updated asset objects reloaded= 0
AssetImportParameters requested are different than current active one (requested -> active):
  custom:container-demuxer-ogg: 62fdf1f143b41e24485cea50d1cbac27 -> 
  custom:scripting/monoscript/fileName/GameManager.cs: 9933fbcc6190e2a9171c2ec8808a053e -> 
  custom:video-decoder-ogg-theora: a1e56fd34408186e4bbccfd4996cb3dc -> 
  custom:framework-win-MediaFoundation: 216162199b28c13a410421893ffa2e32 -> 
  custom:CustomObjectIndexerAttribute: 72b91833f83ae208fae7752999fa3104 -> 
  custom:container-demuxer-webm: 4f35f7cbe854078d1ac9338744f61a02 -> 
  custom:container-muxer-webm: aa71ff27fc2769a1b78a27578f13a17b -> 
  custom:video-decoder-webm-vp8: 9c59270c3fd7afecdb556c50c9e8de78 -> 
  custom:SearchIndexIgnoredProperties: e643bd26f0fe6173181afceb89e7c659 -> 
  custom:AudioImporter_EditorPlatform: d09bf68614088b80899f8185d706f6e7 -> 
  custom:video-encoder-webm-vp8: eb34c28f22e8b96e1ab97ce403110664 -> 
  custom:audio-decoder-ogg-vorbis: bf7c407c2cedff20999df2af8eb42d56 -> 
  custom:audio-encoder-webm-vorbis: bf7c407c2cedff20999df2af8eb42d56 -> 
  custom:scripting/precompiled-assembly-types:Assembly-CSharp: a3286e588f2185aeddb73539bbd7024c -> 5067eed19507e5c54d6876c6374cab8d
========================================================================
Received Import Request.
  Time since last request: 104.456097 seconds.
  path: Assets/_Scenes/Game.unity
  artifactKey: Guid(5ae3bb92957bde747acc114d4da070f7) Importer(815301076,1909f56bfc062723c751e8b465ee728b)
Start importing Assets/_Scenes/Game.unity using Guid(5ae3bb92957bde747acc114d4da070f7) Importer(815301076,1909f56bfc062723c751e8b465ee728b) [PhysX] Initialized MultithreadedTaskDispatcher with 16 workers.
 -> (artifact id: 'f841ebd00f43c2ccb2496492bbe7b3ad') in 0.002555 seconds
Number of updated asset objects reloaded before import = 0
Number of asset objects unloaded after import = 0
========================================================================
Received Import Request.
  Time since last request: 45.552287 seconds.
  path: Assets/_Scenes/Root.unity
  artifactKey: Guid(52c698572772f1f42a877b52c834fd4b) Importer(815301076,1909f56bfc062723c751e8b465ee728b)
Start importing Assets/_Scenes/Root.unity using Guid(52c698572772f1f42a877b52c834fd4b) Importer(815301076,1909f56bfc062723c751e8b465ee728b) [PhysX] Initialized MultithreadedTaskDispatcher with 16 workers.
 -> (artifact id: '8a2b944cc05b22604207dfb71985e935') in 0.000906 seconds
Number of updated asset objects reloaded before import = 0
Number of asset objects unloaded after import = 0
========================================================================
Received Import Request.
  Time since last request: 73.531206 seconds.
  path: Assets/Prefab/System
  artifactKey: Guid(7de8091c253437e4b9de573eaa88f8c6) Importer(815301076,1909f56bfc062723c751e8b465ee728b)
Start importing Assets/Prefab/System using Guid(7de8091c253437e4b9de573eaa88f8c6) Importer(815301076,1909f56bfc062723c751e8b465ee728b) [PhysX] Initialized MultithreadedTaskDispatcher with 16 workers.
 -> (artifact id: '3791f1644eddcf4759f4706aed0d1163') in 0.000853 seconds
Number of updated asset objects reloaded before import = 0
Number of asset objects unloaded after import = 0
========================================================================
Received Prepare
Caller must complete domain reload
Begin MonoManager ReloadAssembly
- Loaded All Assemblies, in  0.645 seconds
Native extension for WindowsStandalone target not found
Mono: successfully reloaded assembly
- Finished resetting the current domain, in  2.202 seconds
Domain Reload Profiling: 2834ms
	BeginReloadAssembly (213ms)
		ExecutionOrderSort (0ms)
		DisableScriptedObjects (5ms)
		BackupInstance (0ms)
		ReleaseScriptingObjects (0ms)
		CreateAndSetChildDomain (40ms)
	RebuildCommonClasses (34ms)
	RebuildNativeTypeToScriptingClass (13ms)
	initialDomainReloadingComplete (49ms)
	LoadAllAssembliesAndSetupDomain (323ms)
		LoadAssemblies (427ms)
		RebuildTransferFunctionScriptingTraits (0ms)
		AnalyzeDomain (18ms)
			TypeCache.Refresh (5ms)
				TypeCache.ScanAssembly (0ms)
			ScanForSourceGeneratedMonoScriptInfo (0ms)
			ResolveRequiredComponents (11ms)
	FinalizeReload (2203ms)
		ReleaseScriptCaches (0ms)
		RebuildScriptCaches (0ms)
		SetupLoadedEditorAssemblies (825ms)
			LogAssemblyErrors (0ms)
			InitializePlatformSupportModulesInManaged (7ms)
			SetLoadedEditorAssemblies (4ms)
			RefreshPlugins (0ms)
			BeforeProcessingInitializeOnLoad (119ms)
			ProcessInitializeOnLoadAttributes (618ms)
			ProcessInitializeOnLoadMethodAttributes (58ms)
			AfterProcessingInitializeOnLoad (20ms)
			EditorAssembliesLoaded (0ms)
		ExecutionOrderSort2 (0ms)
		AwakeInstancesAfterBackupRestoration (24ms)
Refreshing native plugins compatible for Editor in 26.17 ms, found 3 plugins.
Preloading 0 native plugins for Editor in 0.00 ms.
Unloading 4946 Unused Serialized files (Serialized files now loaded: 0)
Unloading 20 unused Assets / (316.1 KB). Loaded Objects now: 5855.
Memory consumption went from 183.1 MB to 182.8 MB.
Total: 6.123300 ms (FindLiveObjects: 0.894400 ms CreateObjectMapping: 0.779100 ms MarkObjects: 4.289900 ms  DeleteObjects: 0.158700 ms)

Prepare: number of updated asset objects reloaded= 0
AssetImportParameters requested are different than current active one (requested -> active):
  custom:container-demuxer-ogg: 62fdf1f143b41e24485cea50d1cbac27 -> 
  custom:scripting/monoscript/fileName/GameManager.cs: 9933fbcc6190e2a9171c2ec8808a053e -> 
  custom:video-decoder-ogg-theora: a1e56fd34408186e4bbccfd4996cb3dc -> 
  custom:framework-win-MediaFoundation: 216162199b28c13a410421893ffa2e32 -> 
  custom:CustomObjectIndexerAttribute: 72b91833f83ae208fae7752999fa3104 -> 
  custom:container-demuxer-webm: 4f35f7cbe854078d1ac9338744f61a02 -> 
  custom:container-muxer-webm: aa71ff27fc2769a1b78a27578f13a17b -> 
  custom:video-decoder-webm-vp8: 9c59270c3fd7afecdb556c50c9e8de78 -> 
  custom:SearchIndexIgnoredProperties: e643bd26f0fe6173181afceb89e7c659 -> 
  custom:AudioImporter_EditorPlatform: d09bf68614088b80899f8185d706f6e7 -> 
  custom:video-encoder-webm-vp8: eb34c28f22e8b96e1ab97ce403110664 -> 
  custom:audio-decoder-ogg-vorbis: bf7c407c2cedff20999df2af8eb42d56 -> 
  custom:audio-encoder-webm-vorbis: bf7c407c2cedff20999df2af8eb42d56 -> 
  custom:scripting/precompiled-assembly-types:Assembly-CSharp: a3286e588f2185aeddb73539bbd7024c -> 5067eed19507e5c54d6876c6374cab8d
========================================================================
Received Import Request.
  Time since last request: 109.224780 seconds.
  path: Assets/Prefab/Line/line.prefab
  artifactKey: Guid(23edbc912c720df489fc45826e799d49) Importer(815301076,1909f56bfc062723c751e8b465ee728b)
Start importing Assets/Prefab/Line/line.prefab using Guid(23edbc912c720df489fc45826e799d49) Importer(815301076,1909f56bfc062723c751e8b465ee728b) [PhysX] Initialized MultithreadedTaskDispatcher with 16 workers.
[PhysX] Initialized MultithreadedTaskDispatcher with 16 workers.
 -> (artifact id: 'e1218275892480ac47f24a165fc67757') in 0.262464 seconds
Number of updated asset objects reloaded before import = 0
Number of asset objects unloaded after import = 27
========================================================================
Received Import Request.
  Time since last request: 37.734995 seconds.
  path: Assets/Prefab/System/Player System.prefab
  artifactKey: Guid(5831bfdbbfbbc2c47b9b90219a914d1e) Importer(815301076,1909f56bfc062723c751e8b465ee728b)
Start importing Assets/Prefab/System/Player System.prefab using Guid(5831bfdbbfbbc2c47b9b90219a914d1e) Importer(815301076,1909f56bfc062723c751e8b465ee728b) [PhysX] Initialized MultithreadedTaskDispatcher with 16 workers.
[PhysX] Initialized MultithreadedTaskDispatcher with 16 workers.
 -> (artifact id: '482056b1861e51115ffe90feb357f981') in 0.051854 seconds
Number of updated asset objects reloaded before import = 0
Number of asset objects unloaded after import = 439
========================================================================
Received Prepare
Caller must complete domain reload
Begin MonoManager ReloadAssembly
- Loaded All Assemblies, in  0.663 seconds
Native extension for WindowsStandalone target not found
Mono: successfully reloaded assembly
- Finished resetting the current domain, in  2.236 seconds
Domain Reload Profiling: 2884ms
	BeginReloadAssembly (220ms)
		ExecutionOrderSort (0ms)
		DisableScriptedObjects (11ms)
		BackupInstance (0ms)
		ReleaseScriptingObjects (0ms)
		CreateAndSetChildDomain (44ms)
	RebuildCommonClasses (29ms)
	RebuildNativeTypeToScriptingClass (9ms)
	initialDomainReloadingComplete (48ms)
	LoadAllAssembliesAndSetupDomain (340ms)
		LoadAssemblies (440ms)
		RebuildTransferFunctionScriptingTraits (0ms)
		AnalyzeDomain (20ms)
			TypeCache.Refresh (6ms)
				TypeCache.ScanAssembly (0ms)
			ScanForSourceGeneratedMonoScriptInfo (0ms)
			ResolveRequiredComponents (12ms)
	FinalizeReload (2236ms)
		ReleaseScriptCaches (0ms)
		RebuildScriptCaches (0ms)
		SetupLoadedEditorAssemblies (840ms)
			LogAssemblyErrors (0ms)
			InitializePlatformSupportModulesInManaged (7ms)
			SetLoadedEditorAssemblies (4ms)
			RefreshPlugins (0ms)
			BeforeProcessingInitializeOnLoad (125ms)
			ProcessInitializeOnLoadAttributes (632ms)
			ProcessInitializeOnLoadMethodAttributes (54ms)
			AfterProcessingInitializeOnLoad (19ms)
			EditorAssembliesLoaded (0ms)
		ExecutionOrderSort2 (0ms)
		AwakeInstancesAfterBackupRestoration (18ms)
Refreshing native plugins compatible for Editor in 28.11 ms, found 3 plugins.
Preloading 0 native plugins for Editor in 0.00 ms.
Unloading 4946 Unused Serialized files (Serialized files now loaded: 0)
Unloading 20 unused Assets / (316.0 KB). Loaded Objects now: 5895.
Memory consumption went from 183.2 MB to 182.9 MB.
Total: 7.964400 ms (FindLiveObjects: 1.068700 ms CreateObjectMapping: 0.655200 ms MarkObjects: 6.058100 ms  DeleteObjects: 0.180000 ms)

Prepare: number of updated asset objects reloaded= 0
AssetImportParameters requested are different than current active one (requested -> active):
  custom:container-demuxer-ogg: 62fdf1f143b41e24485cea50d1cbac27 -> 
  custom:scripting/monoscript/fileName/GameManager.cs: 9933fbcc6190e2a9171c2ec8808a053e -> 
  custom:video-decoder-ogg-theora: a1e56fd34408186e4bbccfd4996cb3dc -> 
  custom:framework-win-MediaFoundation: 216162199b28c13a410421893ffa2e32 -> 
  custom:CustomObjectIndexerAttribute: 72b91833f83ae208fae7752999fa3104 -> 
  custom:container-demuxer-webm: 4f35f7cbe854078d1ac9338744f61a02 -> 
  custom:container-muxer-webm: aa71ff27fc2769a1b78a27578f13a17b -> 
  custom:video-decoder-webm-vp8: 9c59270c3fd7afecdb556c50c9e8de78 -> 
  custom:SearchIndexIgnoredProperties: e643bd26f0fe6173181afceb89e7c659 -> 
  custom:AudioImporter_EditorPlatform: d09bf68614088b80899f8185d706f6e7 -> 
  custom:video-encoder-webm-vp8: eb34c28f22e8b96e1ab97ce403110664 -> 
  custom:audio-decoder-ogg-vorbis: bf7c407c2cedff20999df2af8eb42d56 -> 
  custom:audio-encoder-webm-vorbis: bf7c407c2cedff20999df2af8eb42d56 -> 
  custom:scripting/precompiled-assembly-types:Assembly-CSharp: a3286e588f2185aeddb73539bbd7024c -> 5067eed19507e5c54d6876c6374cab8d
========================================================================
Received Import Request.
  Time since last request: 49.839417 seconds.
  path: Assets/Prefab/System/Player.prefab
  artifactKey: Guid(281df7f3466b3b345a0ae9eef9fb2877) Importer(815301076,1909f56bfc062723c751e8b465ee728b)
Start importing Assets/Prefab/System/Player.prefab using Guid(281df7f3466b3b345a0ae9eef9fb2877) Importer(815301076,1909f56bfc062723c751e8b465ee728b) [PhysX] Initialized MultithreadedTaskDispatcher with 16 workers.
[PhysX] Initialized MultithreadedTaskDispatcher with 16 workers.
 -> (artifact id: '3d82726d0a2e312dbd0a495232ee927c') in 0.296429 seconds
Number of updated asset objects reloaded before import = 0
Number of asset objects unloaded after import = 456
========================================================================
Received Prepare
Caller must complete domain reload
Begin MonoManager ReloadAssembly
- Loaded All Assemblies, in  0.639 seconds
Native extension for WindowsStandalone target not found
Mono: successfully reloaded assembly
- Finished resetting the current domain, in  2.192 seconds
Domain Reload Profiling: 2817ms
	BeginReloadAssembly (214ms)
		ExecutionOrderSort (0ms)
		DisableScriptedObjects (10ms)
		BackupInstance (0ms)
		ReleaseScriptingObjects (0ms)
		CreateAndSetChildDomain (45ms)
	RebuildCommonClasses (29ms)
	RebuildNativeTypeToScriptingClass (9ms)
	initialDomainReloadingComplete (47ms)
	LoadAllAssembliesAndSetupDomain (324ms)
		LoadAssemblies (419ms)
		RebuildTransferFunctionScriptingTraits (0ms)
		AnalyzeDomain (20ms)
			TypeCache.Refresh (5ms)
				TypeCache.ScanAssembly (0ms)
			ScanForSourceGeneratedMonoScriptInfo (0ms)
			ResolveRequiredComponents (13ms)
	FinalizeReload (2193ms)
		ReleaseScriptCaches (0ms)
		RebuildScriptCaches (0ms)
		SetupLoadedEditorAssemblies (828ms)
			LogAssemblyErrors (0ms)
			InitializePlatformSupportModulesInManaged (7ms)
			SetLoadedEditorAssemblies (4ms)
			RefreshPlugins (0ms)
			BeforeProcessingInitializeOnLoad (120ms)
			ProcessInitializeOnLoadAttributes (624ms)
			ProcessInitializeOnLoadMethodAttributes (52ms)
			AfterProcessingInitializeOnLoad (20ms)
			EditorAssembliesLoaded (0ms)
		ExecutionOrderSort2 (0ms)
		AwakeInstancesAfterBackupRestoration (22ms)
Refreshing native plugins compatible for Editor in 19.93 ms, found 3 plugins.
Preloading 0 native plugins for Editor in 0.00 ms.
Unloading 4946 Unused Serialized files (Serialized files now loaded: 0)
Unloading 20 unused Assets / (316.0 KB). Loaded Objects now: 5935.
Memory consumption went from 183.3 MB to 183.0 MB.
Total: 6.345300 ms (FindLiveObjects: 0.745200 ms CreateObjectMapping: 0.389300 ms MarkObjects: 5.004500 ms  DeleteObjects: 0.204300 ms)

Prepare: number of updated asset objects reloaded= 0
AssetImportParameters requested are different than current active one (requested -> active):
  custom:container-demuxer-ogg: 62fdf1f143b41e24485cea50d1cbac27 -> 
  custom:scripting/monoscript/fileName/GameManager.cs: 9933fbcc6190e2a9171c2ec8808a053e -> 
  custom:video-decoder-ogg-theora: a1e56fd34408186e4bbccfd4996cb3dc -> 
  custom:framework-win-MediaFoundation: 216162199b28c13a410421893ffa2e32 -> 
  custom:CustomObjectIndexerAttribute: 72b91833f83ae208fae7752999fa3104 -> 
  custom:container-demuxer-webm: 4f35f7cbe854078d1ac9338744f61a02 -> 
  custom:container-muxer-webm: aa71ff27fc2769a1b78a27578f13a17b -> 
  custom:video-decoder-webm-vp8: 9c59270c3fd7afecdb556c50c9e8de78 -> 
  custom:SearchIndexIgnoredProperties: e643bd26f0fe6173181afceb89e7c659 -> 
  custom:AudioImporter_EditorPlatform: d09bf68614088b80899f8185d706f6e7 -> 
  custom:video-encoder-webm-vp8: eb34c28f22e8b96e1ab97ce403110664 -> 
  custom:audio-decoder-ogg-vorbis: bf7c407c2cedff20999df2af8eb42d56 -> 
  custom:audio-encoder-webm-vorbis: bf7c407c2cedff20999df2af8eb42d56 -> 
  custom:scripting/precompiled-assembly-types:Assembly-CSharp: a3286e588f2185aeddb73539bbd7024c -> 5067eed19507e5c54d6876c6374cab8d
========================================================================
Received Prepare
Caller must complete domain reload
Begin MonoManager ReloadAssembly
- Loaded All Assemblies, in  0.645 seconds
Native extension for WindowsStandalone target not found
Mono: successfully reloaded assembly
- Finished resetting the current domain, in  2.235 seconds
Domain Reload Profiling: 2866ms
	BeginReloadAssembly (213ms)
		ExecutionOrderSort (0ms)
		DisableScriptedObjects (4ms)
		BackupInstance (0ms)
		ReleaseScriptingObjects (0ms)
		CreateAndSetChildDomain (41ms)
	RebuildCommonClasses (29ms)
	RebuildNativeTypeToScriptingClass (9ms)
	initialDomainReloadingComplete (49ms)
	LoadAllAssembliesAndSetupDomain (331ms)
		LoadAssemblies (433ms)
		RebuildTransferFunctionScriptingTraits (0ms)
		AnalyzeDomain (20ms)
			TypeCache.Refresh (6ms)
				TypeCache.ScanAssembly (0ms)
			ScanForSourceGeneratedMonoScriptInfo (0ms)
			ResolveRequiredComponents (12ms)
	FinalizeReload (2236ms)
		ReleaseScriptCaches (0ms)
		RebuildScriptCaches (0ms)
		SetupLoadedEditorAssemblies (838ms)
			LogAssemblyErrors (0ms)
			InitializePlatformSupportModulesInManaged (7ms)
			SetLoadedEditorAssemblies (4ms)
			RefreshPlugins (0ms)
			BeforeProcessingInitializeOnLoad (125ms)
			ProcessInitializeOnLoadAttributes (628ms)
			ProcessInitializeOnLoadMethodAttributes (50ms)
			AfterProcessingInitializeOnLoad (23ms)
			EditorAssembliesLoaded (0ms)
		ExecutionOrderSort2 (0ms)
		AwakeInstancesAfterBackupRestoration (22ms)
Refreshing native plugins compatible for Editor in 23.89 ms, found 3 plugins.
Preloading 0 native plugins for Editor in 0.00 ms.
Unloading 4946 Unused Serialized files (Serialized files now loaded: 0)
Unloading 20 unused Assets / (316.5 KB). Loaded Objects now: 5939.
Memory consumption went from 183.2 MB to 182.9 MB.
Total: 4.384000 ms (FindLiveObjects: 0.496800 ms CreateObjectMapping: 0.371100 ms MarkObjects: 3.418000 ms  DeleteObjects: 0.097300 ms)

Prepare: number of updated asset objects reloaded= 0
AssetImportParameters requested are different than current active one (requested -> active):
  custom:container-demuxer-ogg: 62fdf1f143b41e24485cea50d1cbac27 -> 
  custom:scripting/monoscript/fileName/GameManager.cs: 9933fbcc6190e2a9171c2ec8808a053e -> 
  custom:video-decoder-ogg-theora: a1e56fd34408186e4bbccfd4996cb3dc -> 
  custom:framework-win-MediaFoundation: 216162199b28c13a410421893ffa2e32 -> 
  custom:CustomObjectIndexerAttribute: 72b91833f83ae208fae7752999fa3104 -> 
  custom:container-demuxer-webm: 4f35f7cbe854078d1ac9338744f61a02 -> 
  custom:container-muxer-webm: aa71ff27fc2769a1b78a27578f13a17b -> 
  custom:video-decoder-webm-vp8: 9c59270c3fd7afecdb556c50c9e8de78 -> 
  custom:SearchIndexIgnoredProperties: e643bd26f0fe6173181afceb89e7c659 -> 
  custom:AudioImporter_EditorPlatform: d09bf68614088b80899f8185d706f6e7 -> 
  custom:video-encoder-webm-vp8: eb34c28f22e8b96e1ab97ce403110664 -> 
  custom:audio-decoder-ogg-vorbis: bf7c407c2cedff20999df2af8eb42d56 -> 
  custom:audio-encoder-webm-vorbis: bf7c407c2cedff20999df2af8eb42d56 -> 
  custom:scripting/precompiled-assembly-types:Assembly-CSharp: a3286e588f2185aeddb73539bbd7024c -> 5067eed19507e5c54d6876c6374cab8d
========================================================================
Received Import Request.
  Time since last request: 161.266433 seconds.
  path: Assets/Prefab/System/Tool.prefab
  artifactKey: Guid(14a7a30da4902354a9ffa43e9d7e3b64) Importer(815301076,1909f56bfc062723c751e8b465ee728b)
Start importing Assets/Prefab/System/Tool.prefab using Guid(14a7a30da4902354a9ffa43e9d7e3b64) Importer(815301076,1909f56bfc062723c751e8b465ee728b) [PhysX] Initialized MultithreadedTaskDispatcher with 16 workers.
 -> (artifact id: '7683a5ca5c4aa8f48160eadbda718ab7') in 0.046222 seconds
Number of updated asset objects reloaded before import = 0
Number of asset objects unloaded after import = 218
========================================================================
Received Import Request.
  Time since last request: 15.983050 seconds.
  path: Assets/Prefab/System/Map System.prefab
  artifactKey: Guid(03028694caadee346a3ec6378f9046df) Importer(815301076,1909f56bfc062723c751e8b465ee728b)
Start importing Assets/Prefab/System/Map System.prefab using Guid(03028694caadee346a3ec6378f9046df) Importer(815301076,1909f56bfc062723c751e8b465ee728b) [PhysX] Initialized MultithreadedTaskDispatcher with 16 workers.
[PhysX] Initialized MultithreadedTaskDispatcher with 16 workers.
 -> (artifact id: 'c947d6cc19efb090df550be19003dfec') in 0.319478 seconds
Number of updated asset objects reloaded before import = 0
Number of asset objects unloaded after import = 2003
========================================================================
Received Import Request.
  Time since last request: 3.971706 seconds.
  path: Assets/Prefab/System/Map System.prefab
  artifactKey: Guid(03028694caadee346a3ec6378f9046df) Importer(815301076,1909f56bfc062723c751e8b465ee728b)
Start importing Assets/Prefab/System/Map System.prefab using Guid(03028694caadee346a3ec6378f9046df) Importer(815301076,1909f56bfc062723c751e8b465ee728b) [PhysX] Initialized MultithreadedTaskDispatcher with 16 workers.
[PhysX] Initialized MultithreadedTaskDispatcher with 16 workers.
 -> (artifact id: '9a5b333556a74d035b02220776328d6f') in 0.082654 seconds
Number of updated asset objects reloaded before import = 0
Number of asset objects unloaded after import = 1801
========================================================================
Received Import Request.
  Time since last request: 20.863709 seconds.
  path: Assets/Prefab/System/Train System.prefab
  artifactKey: Guid(2512fcfa39cc0be419e076d0200dd064) Importer(815301076,1909f56bfc062723c751e8b465ee728b)
Start importing Assets/Prefab/System/Train System.prefab using Guid(2512fcfa39cc0be419e076d0200dd064) Importer(815301076,1909f56bfc062723c751e8b465ee728b) [PhysX] Initialized MultithreadedTaskDispatcher with 16 workers.
 -> (artifact id: '94e4db60dac93262d80d70bb1397fd83') in 0.031565 seconds
Number of updated asset objects reloaded before import = 0
Number of asset objects unloaded after import = 835
========================================================================
Received Prepare
Caller must complete domain reload
Begin MonoManager ReloadAssembly
- Loaded All Assemblies, in  0.675 seconds
Native extension for WindowsStandalone target not found
Mono: successfully reloaded assembly
- Finished resetting the current domain, in  2.303 seconds
Domain Reload Profiling: 2963ms
	BeginReloadAssembly (225ms)
		ExecutionOrderSort (0ms)
		DisableScriptedObjects (11ms)
		BackupInstance (0ms)
		ReleaseScriptingObjects (0ms)
		CreateAndSetChildDomain (46ms)
	RebuildCommonClasses (35ms)
	RebuildNativeTypeToScriptingClass (10ms)
	initialDomainReloadingComplete (50ms)
	LoadAllAssembliesAndSetupDomain (340ms)
		LoadAssemblies (437ms)
		RebuildTransferFunctionScriptingTraits (0ms)
		AnalyzeDomain (24ms)
			TypeCache.Refresh (6ms)
				TypeCache.ScanAssembly (0ms)
			ScanForSourceGeneratedMonoScriptInfo (0ms)
			ResolveRequiredComponents (16ms)
	FinalizeReload (2303ms)
		ReleaseScriptCaches (0ms)
		RebuildScriptCaches (0ms)
		SetupLoadedEditorAssemblies (886ms)
			LogAssemblyErrors (0ms)
			InitializePlatformSupportModulesInManaged (7ms)
			SetLoadedEditorAssemblies (5ms)
			RefreshPlugins (0ms)
			BeforeProcessingInitializeOnLoad (134ms)
			ProcessInitializeOnLoadAttributes (665ms)
			ProcessInitializeOnLoadMethodAttributes (53ms)
			AfterProcessingInitializeOnLoad (21ms)
			EditorAssembliesLoaded (0ms)
		ExecutionOrderSort2 (0ms)
		AwakeInstancesAfterBackupRestoration (21ms)
Refreshing native plugins compatible for Editor in 22.96 ms, found 3 plugins.
Preloading 0 native plugins for Editor in 0.00 ms.
Unloading 4946 Unused Serialized files (Serialized files now loaded: 0)
Unloading 20 unused Assets / (316.0 KB). Loaded Objects now: 5979.
Memory consumption went from 183.5 MB to 183.2 MB.
Total: 4.776400 ms (FindLiveObjects: 0.503000 ms CreateObjectMapping: 0.365200 ms MarkObjects: 3.800400 ms  DeleteObjects: 0.107100 ms)

Prepare: number of updated asset objects reloaded= 0
AssetImportParameters requested are different than current active one (requested -> active):
  custom:container-demuxer-ogg: 62fdf1f143b41e24485cea50d1cbac27 -> 
  custom:scripting/monoscript/fileName/GameManager.cs: 9933fbcc6190e2a9171c2ec8808a053e -> 
  custom:video-decoder-ogg-theora: a1e56fd34408186e4bbccfd4996cb3dc -> 
  custom:framework-win-MediaFoundation: 216162199b28c13a410421893ffa2e32 -> 
  custom:CustomObjectIndexerAttribute: 72b91833f83ae208fae7752999fa3104 -> 
  custom:container-demuxer-webm: 4f35f7cbe854078d1ac9338744f61a02 -> 
  custom:container-muxer-webm: aa71ff27fc2769a1b78a27578f13a17b -> 
  custom:video-decoder-webm-vp8: 9c59270c3fd7afecdb556c50c9e8de78 -> 
  custom:SearchIndexIgnoredProperties: e643bd26f0fe6173181afceb89e7c659 -> 
  custom:AudioImporter_EditorPlatform: d09bf68614088b80899f8185d706f6e7 -> 
  custom:video-encoder-webm-vp8: eb34c28f22e8b96e1ab97ce403110664 -> 
  custom:audio-decoder-ogg-vorbis: bf7c407c2cedff20999df2af8eb42d56 -> 
  custom:audio-encoder-webm-vorbis: bf7c407c2cedff20999df2af8eb42d56 -> 
  custom:scripting/precompiled-assembly-types:Assembly-CSharp: a3286e588f2185aeddb73539bbd7024c -> 5067eed19507e5c54d6876c6374cab8d
========================================================================
Received Import Request.
  Time since last request: 70.711791 seconds.
  path: Assets/Prefab/System/Map System.prefab
  artifactKey: Guid(03028694caadee346a3ec6378f9046df) Importer(815301076,1909f56bfc062723c751e8b465ee728b)
Start importing Assets/Prefab/System/Map System.prefab using Guid(03028694caadee346a3ec6378f9046df) Importer(815301076,1909f56bfc062723c751e8b465ee728b) [PhysX] Initialized MultithreadedTaskDispatcher with 16 workers.
[PhysX] Initialized MultithreadedTaskDispatcher with 16 workers.
 -> (artifact id: 'fc4fd92d6c3c16db6490c8ba3b968693') in 0.383109 seconds
Number of updated asset objects reloaded before import = 0
Number of asset objects unloaded after import = 1826
========================================================================
Received Import Request.
  Time since last request: 36.997776 seconds.
  path: Assets/Prefab/System/Tool.prefab
  artifactKey: Guid(14a7a30da4902354a9ffa43e9d7e3b64) Importer(815301076,1909f56bfc062723c751e8b465ee728b)
Start importing Assets/Prefab/System/Tool.prefab using Guid(14a7a30da4902354a9ffa43e9d7e3b64) Importer(815301076,1909f56bfc062723c751e8b465ee728b) [PhysX] Initialized MultithreadedTaskDispatcher with 16 workers.
 -> (artifact id: '9f9f6ac4aefcb801d05840df26cde217') in 0.010431 seconds
Number of updated asset objects reloaded before import = 0
Number of asset objects unloaded after import = 224
========================================================================
Received Prepare
Caller must complete domain reload
Begin MonoManager ReloadAssembly
- Loaded All Assemblies, in  0.662 seconds
Native extension for WindowsStandalone target not found
Mono: successfully reloaded assembly
- Finished resetting the current domain, in  2.208 seconds
Domain Reload Profiling: 2856ms
	BeginReloadAssembly (216ms)
		ExecutionOrderSort (0ms)
		DisableScriptedObjects (10ms)
		BackupInstance (0ms)
		ReleaseScriptingObjects (0ms)
		CreateAndSetChildDomain (46ms)
	RebuildCommonClasses (31ms)
	RebuildNativeTypeToScriptingClass (10ms)
	initialDomainReloadingComplete (49ms)
	LoadAllAssembliesAndSetupDomain (342ms)
		LoadAssemblies (438ms)
		RebuildTransferFunctionScriptingTraits (0ms)
		AnalyzeDomain (19ms)
			TypeCache.Refresh (6ms)
				TypeCache.ScanAssembly (0ms)
			ScanForSourceGeneratedMonoScriptInfo (0ms)
			ResolveRequiredComponents (11ms)
	FinalizeReload (2208ms)
		ReleaseScriptCaches (0ms)
		RebuildScriptCaches (0ms)
		SetupLoadedEditorAssemblies (821ms)
			LogAssemblyErrors (0ms)
			InitializePlatformSupportModulesInManaged (8ms)
			SetLoadedEditorAssemblies (4ms)
			RefreshPlugins (0ms)
			BeforeProcessingInitializeOnLoad (120ms)
			ProcessInitializeOnLoadAttributes (617ms)
			ProcessInitializeOnLoadMethodAttributes (53ms)
			AfterProcessingInitializeOnLoad (19ms)
			EditorAssembliesLoaded (0ms)
		ExecutionOrderSort2 (0ms)
		AwakeInstancesAfterBackupRestoration (22ms)
Refreshing native plugins compatible for Editor in 19.35 ms, found 3 plugins.
Preloading 0 native plugins for Editor in 0.00 ms.
Unloading 4946 Unused Serialized files (Serialized files now loaded: 0)
Unloading 20 unused Assets / (316.1 KB). Loaded Objects now: 6019.
Memory consumption went from 183.5 MB to 183.2 MB.
Total: 4.307600 ms (FindLiveObjects: 0.424600 ms CreateObjectMapping: 0.339800 ms MarkObjects: 3.443000 ms  DeleteObjects: 0.099700 ms)

Prepare: number of updated asset objects reloaded= 0
AssetImportParameters requested are different than current active one (requested -> active):
  custom:container-demuxer-ogg: 62fdf1f143b41e24485cea50d1cbac27 -> 
  custom:scripting/monoscript/fileName/GameManager.cs: 9933fbcc6190e2a9171c2ec8808a053e -> 
  custom:video-decoder-ogg-theora: a1e56fd34408186e4bbccfd4996cb3dc -> 
  custom:framework-win-MediaFoundation: 216162199b28c13a410421893ffa2e32 -> 
  custom:CustomObjectIndexerAttribute: 72b91833f83ae208fae7752999fa3104 -> 
  custom:container-demuxer-webm: 4f35f7cbe854078d1ac9338744f61a02 -> 
  custom:container-muxer-webm: aa71ff27fc2769a1b78a27578f13a17b -> 
  custom:video-decoder-webm-vp8: 9c59270c3fd7afecdb556c50c9e8de78 -> 
  custom:SearchIndexIgnoredProperties: e643bd26f0fe6173181afceb89e7c659 -> 
  custom:AudioImporter_EditorPlatform: d09bf68614088b80899f8185d706f6e7 -> 
  custom:video-encoder-webm-vp8: eb34c28f22e8b96e1ab97ce403110664 -> 
  custom:audio-decoder-ogg-vorbis: bf7c407c2cedff20999df2af8eb42d56 -> 
  custom:audio-encoder-webm-vorbis: bf7c407c2cedff20999df2af8eb42d56 -> 
  custom:scripting/precompiled-assembly-types:Assembly-CSharp: a3286e588f2185aeddb73539bbd7024c -> 5067eed19507e5c54d6876c6374cab8d
========================================================================
Received Import Request.
  Time since last request: 74.681694 seconds.
  path: Assets/Prefab/System/Map System.prefab
  artifactKey: Guid(03028694caadee346a3ec6378f9046df) Importer(815301076,1909f56bfc062723c751e8b465ee728b)
Start importing Assets/Prefab/System/Map System.prefab using Guid(03028694caadee346a3ec6378f9046df) Importer(815301076,1909f56bfc062723c751e8b465ee728b) [PhysX] Initialized MultithreadedTaskDispatcher with 16 workers.
[PhysX] Initialized MultithreadedTaskDispatcher with 16 workers.
 -> (artifact id: 'ef1dd5d37bd136f7e928797ca7a49e6c') in 0.370744 seconds
Number of updated asset objects reloaded before import = 0
Number of asset objects unloaded after import = 1826
========================================================================
Received Import Request.
  Time since last request: 42.941158 seconds.
  path: Assets/Prefab/System/Map System.prefab
  artifactKey: Guid(03028694caadee346a3ec6378f9046df) Importer(815301076,1909f56bfc062723c751e8b465ee728b)
Start importing Assets/Prefab/System/Map System.prefab using Guid(03028694caadee346a3ec6378f9046df) Importer(815301076,1909f56bfc062723c751e8b465ee728b) [PhysX] Initialized MultithreadedTaskDispatcher with 16 workers.
[PhysX] Initialized MultithreadedTaskDispatcher with 16 workers.
 -> (artifact id: '75bc05baf8b72934ea19b3e640842d03') in 0.077887 seconds
Number of updated asset objects reloaded before import = 0
Number of asset objects unloaded after import = 1807
========================================================================
Received Prepare
Caller must complete domain reload
Begin MonoManager ReloadAssembly
- Loaded All Assemblies, in  0.664 seconds
Native extension for WindowsStandalone target not found
Mono: successfully reloaded assembly
- Finished resetting the current domain, in  2.215 seconds
Domain Reload Profiling: 2865ms
	BeginReloadAssembly (220ms)
		ExecutionOrderSort (0ms)
		DisableScriptedObjects (12ms)
		BackupInstance (0ms)
		ReleaseScriptingObjects (0ms)
		CreateAndSetChildDomain (46ms)
	RebuildCommonClasses (29ms)
	RebuildNativeTypeToScriptingClass (9ms)
	initialDomainReloadingComplete (47ms)
	LoadAllAssembliesAndSetupDomain (344ms)
		LoadAssemblies (442ms)
		RebuildTransferFunctionScriptingTraits (0ms)
		AnalyzeDomain (19ms)
			TypeCache.Refresh (6ms)
				TypeCache.ScanAssembly (0ms)
			ScanForSourceGeneratedMonoScriptInfo (0ms)
			ResolveRequiredComponents (12ms)
	FinalizeReload (2215ms)
		ReleaseScriptCaches (0ms)
		RebuildScriptCaches (0ms)
		SetupLoadedEditorAssemblies (821ms)
			LogAssemblyErrors (0ms)
			InitializePlatformSupportModulesInManaged (7ms)
			SetLoadedEditorAssemblies (4ms)
			RefreshPlugins (0ms)
			BeforeProcessingInitializeOnLoad (120ms)
			ProcessInitializeOnLoadAttributes (612ms)
			ProcessInitializeOnLoadMethodAttributes (58ms)
			AfterProcessingInitializeOnLoad (21ms)
			EditorAssembliesLoaded (0ms)
		ExecutionOrderSort2 (0ms)
		AwakeInstancesAfterBackupRestoration (21ms)
Refreshing native plugins compatible for Editor in 25.20 ms, found 3 plugins.
Preloading 0 native plugins for Editor in 0.00 ms.
Unloading 4946 Unused Serialized files (Serialized files now loaded: 0)
Unloading 20 unused Assets / (316.5 KB). Loaded Objects now: 6059.
Memory consumption went from 183.5 MB to 183.2 MB.
Total: 8.680000 ms (FindLiveObjects: 1.081800 ms CreateObjectMapping: 0.648600 ms MarkObjects: 6.768100 ms  DeleteObjects: 0.179000 ms)

Prepare: number of updated asset objects reloaded= 0
AssetImportParameters requested are different than current active one (requested -> active):
  custom:container-demuxer-ogg: 62fdf1f143b41e24485cea50d1cbac27 -> 
  custom:scripting/monoscript/fileName/GameManager.cs: 9933fbcc6190e2a9171c2ec8808a053e -> 
  custom:video-decoder-ogg-theora: a1e56fd34408186e4bbccfd4996cb3dc -> 
  custom:framework-win-MediaFoundation: 216162199b28c13a410421893ffa2e32 -> 
  custom:CustomObjectIndexerAttribute: 72b91833f83ae208fae7752999fa3104 -> 
  custom:container-demuxer-webm: 4f35f7cbe854078d1ac9338744f61a02 -> 
  custom:container-muxer-webm: aa71ff27fc2769a1b78a27578f13a17b -> 
  custom:video-decoder-webm-vp8: 9c59270c3fd7afecdb556c50c9e8de78 -> 
  custom:SearchIndexIgnoredProperties: e643bd26f0fe6173181afceb89e7c659 -> 
  custom:AudioImporter_EditorPlatform: d09bf68614088b80899f8185d706f6e7 -> 
  custom:video-encoder-webm-vp8: eb34c28f22e8b96e1ab97ce403110664 -> 
  custom:audio-decoder-ogg-vorbis: bf7c407c2cedff20999df2af8eb42d56 -> 
  custom:audio-encoder-webm-vorbis: bf7c407c2cedff20999df2af8eb42d56 -> 
  custom:scripting/precompiled-assembly-types:Assembly-CSharp: a3286e588f2185aeddb73539bbd7024c -> 5067eed19507e5c54d6876c6374cab8d
========================================================================
Received Prepare
Caller must complete domain reload
Begin MonoManager ReloadAssembly
- Loaded All Assemblies, in  0.670 seconds
Native extension for WindowsStandalone target not found
Mono: successfully reloaded assembly
- Finished resetting the current domain, in  2.147 seconds
Domain Reload Profiling: 2801ms
	BeginReloadAssembly (209ms)
		ExecutionOrderSort (0ms)
		DisableScriptedObjects (5ms)
		BackupInstance (0ms)
		ReleaseScriptingObjects (0ms)
		CreateAndSetChildDomain (41ms)
	RebuildCommonClasses (36ms)
	RebuildNativeTypeToScriptingClass (14ms)
	initialDomainReloadingComplete (48ms)
	LoadAllAssembliesAndSetupDomain (348ms)
		LoadAssemblies (418ms)
		RebuildTransferFunctionScriptingTraits (0ms)
		AnalyzeDomain (47ms)
			TypeCache.Refresh (11ms)
				TypeCache.ScanAssembly (1ms)
			ScanForSourceGeneratedMonoScriptInfo (23ms)
			ResolveRequiredComponents (11ms)
	FinalizeReload (2147ms)
		ReleaseScriptCaches (0ms)
		RebuildScriptCaches (0ms)
		SetupLoadedEditorAssemblies (801ms)
			LogAssemblyErrors (0ms)
			InitializePlatformSupportModulesInManaged (7ms)
			SetLoadedEditorAssemblies (4ms)
			RefreshPlugins (0ms)
			BeforeProcessingInitializeOnLoad (113ms)
			ProcessInitializeOnLoadAttributes (604ms)
			ProcessInitializeOnLoadMethodAttributes (53ms)
			AfterProcessingInitializeOnLoad (20ms)
			EditorAssembliesLoaded (0ms)
		ExecutionOrderSort2 (0ms)
		AwakeInstancesAfterBackupRestoration (20ms)
Refreshing native plugins compatible for Editor in 20.79 ms, found 3 plugins.
Preloading 0 native plugins for Editor in 0.00 ms.
Unloading 4946 Unused Serialized files (Serialized files now loaded: 0)
Unloading 20 unused Assets / (316.5 KB). Loaded Objects now: 6063.
Memory consumption went from 183.4 MB to 183.1 MB.
Total: 4.324100 ms (FindLiveObjects: 0.432300 ms CreateObjectMapping: 0.349400 ms MarkObjects: 3.434100 ms  DeleteObjects: 0.107600 ms)

Prepare: number of updated asset objects reloaded= 0
AssetImportParameters requested are different than current active one (requested -> active):
  custom:container-demuxer-ogg: 62fdf1f143b41e24485cea50d1cbac27 -> 
  custom:scripting/monoscript/fileName/GameManager.cs: 9933fbcc6190e2a9171c2ec8808a053e -> 
  custom:video-decoder-ogg-theora: a1e56fd34408186e4bbccfd4996cb3dc -> 
  custom:framework-win-MediaFoundation: 216162199b28c13a410421893ffa2e32 -> 
  custom:CustomObjectIndexerAttribute: 72b91833f83ae208fae7752999fa3104 -> 
  custom:container-demuxer-webm: 4f35f7cbe854078d1ac9338744f61a02 -> 
  custom:container-muxer-webm: aa71ff27fc2769a1b78a27578f13a17b -> 
  custom:video-decoder-webm-vp8: 9c59270c3fd7afecdb556c50c9e8de78 -> 
  custom:SearchIndexIgnoredProperties: e643bd26f0fe6173181afceb89e7c659 -> 
  custom:AudioImporter_EditorPlatform: d09bf68614088b80899f8185d706f6e7 -> 
  custom:video-encoder-webm-vp8: eb34c28f22e8b96e1ab97ce403110664 -> 
  custom:audio-decoder-ogg-vorbis: bf7c407c2cedff20999df2af8eb42d56 -> 
  custom:audio-encoder-webm-vorbis: bf7c407c2cedff20999df2af8eb42d56 -> 
  custom:scripting/precompiled-assembly-types:Assembly-CSharp: a3286e588f2185aeddb73539bbd7024c -> 5067eed19507e5c54d6876c6374cab8d
========================================================================
Received Prepare
Caller must complete domain reload
Begin MonoManager ReloadAssembly
- Loaded All Assemblies, in  0.653 seconds
Native extension for WindowsStandalone target not found
Mono: successfully reloaded assembly
- Finished resetting the current domain, in  2.155 seconds
Domain Reload Profiling: 2793ms
	BeginReloadAssembly (211ms)
		ExecutionOrderSort (0ms)
		DisableScriptedObjects (5ms)
		BackupInstance (0ms)
		ReleaseScriptingObjects (0ms)
		CreateAndSetChildDomain (42ms)
	RebuildCommonClasses (30ms)
	RebuildNativeTypeToScriptingClass (9ms)
	initialDomainReloadingComplete (48ms)
	LoadAllAssembliesAndSetupDomain (339ms)
		LoadAssemblies (436ms)
		RebuildTransferFunctionScriptingTraits (0ms)
		AnalyzeDomain (21ms)
			TypeCache.Refresh (7ms)
				TypeCache.ScanAssembly (0ms)
			ScanForSourceGeneratedMonoScriptInfo (0ms)
			ResolveRequiredComponents (12ms)
	FinalizeReload (2155ms)
		ReleaseScriptCaches (0ms)
		RebuildScriptCaches (0ms)
		SetupLoadedEditorAssemblies (806ms)
			LogAssemblyErrors (0ms)
			InitializePlatformSupportModulesInManaged (6ms)
			SetLoadedEditorAssemblies (4ms)
			RefreshPlugins (0ms)
			BeforeProcessingInitializeOnLoad (123ms)
			ProcessInitializeOnLoadAttributes (602ms)
			ProcessInitializeOnLoadMethodAttributes (53ms)
			AfterProcessingInitializeOnLoad (18ms)
			EditorAssembliesLoaded (0ms)
		ExecutionOrderSort2 (0ms)
		AwakeInstancesAfterBackupRestoration (20ms)
Refreshing native plugins compatible for Editor in 20.79 ms, found 3 plugins.
Preloading 0 native plugins for Editor in 0.00 ms.
Unloading 4946 Unused Serialized files (Serialized files now loaded: 0)
Unloading 20 unused Assets / (316.0 KB). Loaded Objects now: 6067.
Memory consumption went from 183.4 MB to 183.1 MB.
Total: 5.903600 ms (FindLiveObjects: 0.712600 ms CreateObjectMapping: 0.602000 ms MarkObjects: 4.416600 ms  DeleteObjects: 0.171600 ms)

Prepare: number of updated asset objects reloaded= 0
AssetImportParameters requested are different than current active one (requested -> active):
  custom:container-demuxer-ogg: 62fdf1f143b41e24485cea50d1cbac27 -> 
  custom:scripting/monoscript/fileName/GameManager.cs: 9933fbcc6190e2a9171c2ec8808a053e -> 
  custom:video-decoder-ogg-theora: a1e56fd34408186e4bbccfd4996cb3dc -> 
  custom:framework-win-MediaFoundation: 216162199b28c13a410421893ffa2e32 -> 
  custom:CustomObjectIndexerAttribute: 72b91833f83ae208fae7752999fa3104 -> 
  custom:container-demuxer-webm: 4f35f7cbe854078d1ac9338744f61a02 -> 
  custom:container-muxer-webm: aa71ff27fc2769a1b78a27578f13a17b -> 
  custom:video-decoder-webm-vp8: 9c59270c3fd7afecdb556c50c9e8de78 -> 
  custom:SearchIndexIgnoredProperties: e643bd26f0fe6173181afceb89e7c659 -> 
  custom:AudioImporter_EditorPlatform: d09bf68614088b80899f8185d706f6e7 -> 
  custom:video-encoder-webm-vp8: eb34c28f22e8b96e1ab97ce403110664 -> 
  custom:audio-decoder-ogg-vorbis: bf7c407c2cedff20999df2af8eb42d56 -> 
  custom:audio-encoder-webm-vorbis: bf7c407c2cedff20999df2af8eb42d56 -> 
  custom:scripting/precompiled-assembly-types:Assembly-CSharp: a3286e588f2185aeddb73539bbd7024c -> 5067eed19507e5c54d6876c6374cab8d
========================================================================
Received Import Request.
  Time since last request: 156.639409 seconds.
  path: Assets/Prefab/System/Player.prefab
  artifactKey: Guid(281df7f3466b3b345a0ae9eef9fb2877) Importer(815301076,1909f56bfc062723c751e8b465ee728b)
Start importing Assets/Prefab/System/Player.prefab using Guid(281df7f3466b3b345a0ae9eef9fb2877) Importer(815301076,1909f56bfc062723c751e8b465ee728b) [PhysX] Initialized MultithreadedTaskDispatcher with 16 workers.
[PhysX] Initialized MultithreadedTaskDispatcher with 16 workers.
 -> (artifact id: '975e75a8c467cf89663aeea7be6e9dc1') in 0.312129 seconds
Number of updated asset objects reloaded before import = 0
Number of asset objects unloaded after import = 462
========================================================================
Received Import Request.
  Time since last request: 244.939751 seconds.
  path: Assets/Prefab/System/Map System.prefab
  artifactKey: Guid(03028694caadee346a3ec6378f9046df) Importer(815301076,1909f56bfc062723c751e8b465ee728b)
Start importing Assets/Prefab/System/Map System.prefab using Guid(03028694caadee346a3ec6378f9046df) Importer(815301076,1909f56bfc062723c751e8b465ee728b) [PhysX] Initialized MultithreadedTaskDispatcher with 16 workers.
[PhysX] Initialized MultithreadedTaskDispatcher with 16 workers.
 -> (artifact id: '086662a5f4ae18911b07717744073c1d') in 0.105644 seconds
Number of updated asset objects reloaded before import = 0
Number of asset objects unloaded after import = 1807
========================================================================
Received Prepare
Caller must complete domain reload
Begin MonoManager ReloadAssembly
- Loaded All Assemblies, in  0.751 seconds
Native extension for WindowsStandalone target not found
Mono: successfully reloaded assembly
- Finished resetting the current domain, in  2.340 seconds
Domain Reload Profiling: 3074ms
	BeginReloadAssembly (257ms)
		ExecutionOrderSort (0ms)
		DisableScriptedObjects (11ms)
		BackupInstance (0ms)
		ReleaseScriptingObjects (0ms)
		CreateAndSetChildDomain (56ms)
	RebuildCommonClasses (37ms)
	RebuildNativeTypeToScriptingClass (9ms)
	initialDomainReloadingComplete (49ms)
	LoadAllAssembliesAndSetupDomain (382ms)
		LoadAssemblies (494ms)
		RebuildTransferFunctionScriptingTraits (0ms)
		AnalyzeDomain (21ms)
			TypeCache.Refresh (7ms)
				TypeCache.ScanAssembly (0ms)
			ScanForSourceGeneratedMonoScriptInfo (0ms)
			ResolveRequiredComponents (12ms)
	FinalizeReload (2340ms)
		ReleaseScriptCaches (0ms)
		RebuildScriptCaches (0ms)
		SetupLoadedEditorAssemblies (861ms)
			LogAssemblyErrors (0ms)
			InitializePlatformSupportModulesInManaged (7ms)
			SetLoadedEditorAssemblies (5ms)
			RefreshPlugins (0ms)
			BeforeProcessingInitializeOnLoad (127ms)
			ProcessInitializeOnLoadAttributes (646ms)
			ProcessInitializeOnLoadMethodAttributes (55ms)
			AfterProcessingInitializeOnLoad (20ms)
			EditorAssembliesLoaded (1ms)
		ExecutionOrderSort2 (0ms)
		AwakeInstancesAfterBackupRestoration (27ms)
Refreshing native plugins compatible for Editor in 22.87 ms, found 3 plugins.
Preloading 0 native plugins for Editor in 0.00 ms.
Unloading 4946 Unused Serialized files (Serialized files now loaded: 0)
Unloading 20 unused Assets / (316.0 KB). Loaded Objects now: 6107.
Memory consumption went from 183.6 MB to 183.3 MB.
Total: 8.656200 ms (FindLiveObjects: 1.015300 ms CreateObjectMapping: 0.520400 ms MarkObjects: 6.932000 ms  DeleteObjects: 0.186600 ms)

Prepare: number of updated asset objects reloaded= 0
AssetImportParameters requested are different than current active one (requested -> active):
  custom:container-demuxer-ogg: 62fdf1f143b41e24485cea50d1cbac27 -> 
  custom:scripting/monoscript/fileName/GameManager.cs: 9933fbcc6190e2a9171c2ec8808a053e -> 
  custom:video-decoder-ogg-theora: a1e56fd34408186e4bbccfd4996cb3dc -> 
  custom:framework-win-MediaFoundation: 216162199b28c13a410421893ffa2e32 -> 
  custom:CustomObjectIndexerAttribute: 72b91833f83ae208fae7752999fa3104 -> 
  custom:container-demuxer-webm: 4f35f7cbe854078d1ac9338744f61a02 -> 
  custom:container-muxer-webm: aa71ff27fc2769a1b78a27578f13a17b -> 
  custom:video-decoder-webm-vp8: 9c59270c3fd7afecdb556c50c9e8de78 -> 
  custom:SearchIndexIgnoredProperties: e643bd26f0fe6173181afceb89e7c659 -> 
  custom:AudioImporter_EditorPlatform: d09bf68614088b80899f8185d706f6e7 -> 
  custom:video-encoder-webm-vp8: eb34c28f22e8b96e1ab97ce403110664 -> 
  custom:audio-decoder-ogg-vorbis: bf7c407c2cedff20999df2af8eb42d56 -> 
  custom:audio-encoder-webm-vorbis: bf7c407c2cedff20999df2af8eb42d56 -> 
  custom:scripting/precompiled-assembly-types:Assembly-CSharp: a3286e588f2185aeddb73539bbd7024c -> 5067eed19507e5c54d6876c6374cab8d
========================================================================
Received Import Request.
  Time since last request: 570.366209 seconds.
  path: Assets/Prefab/System/Map System.prefab
  artifactKey: Guid(03028694caadee346a3ec6378f9046df) Importer(815301076,1909f56bfc062723c751e8b465ee728b)
Start importing Assets/Prefab/System/Map System.prefab using Guid(03028694caadee346a3ec6378f9046df) Importer(815301076,1909f56bfc062723c751e8b465ee728b) [PhysX] Initialized MultithreadedTaskDispatcher with 16 workers.
[PhysX] Initialized MultithreadedTaskDispatcher with 16 workers.
 -> (artifact id: 'da680b01115f4ed7434ba693cbbd5c0d') in 0.546672 seconds
Number of updated asset objects reloaded before import = 0
Number of asset objects unloaded after import = 1826
========================================================================
Received Prepare
Caller must complete domain reload
Begin MonoManager ReloadAssembly
- Loaded All Assemblies, in  0.690 seconds
Native extension for WindowsStandalone target not found
Mono: successfully reloaded assembly
- Finished resetting the current domain, in  2.274 seconds
Domain Reload Profiling: 2949ms
	BeginReloadAssembly (222ms)
		ExecutionOrderSort (0ms)
		DisableScriptedObjects (11ms)
		BackupInstance (0ms)
		ReleaseScriptingObjects (0ms)
		CreateAndSetChildDomain (48ms)
	RebuildCommonClasses (29ms)
	RebuildNativeTypeToScriptingClass (10ms)
	initialDomainReloadingComplete (48ms)
	LoadAllAssembliesAndSetupDomain (366ms)
		LoadAssemblies (440ms)
		RebuildTransferFunctionScriptingTraits (0ms)
		AnalyzeDomain (44ms)
			TypeCache.Refresh (11ms)
				TypeCache.ScanAssembly (1ms)
			ScanForSourceGeneratedMonoScriptInfo (19ms)
			ResolveRequiredComponents (12ms)
	FinalizeReload (2274ms)
		ReleaseScriptCaches (0ms)
		RebuildScriptCaches (0ms)
		SetupLoadedEditorAssemblies (860ms)
			LogAssemblyErrors (0ms)
			InitializePlatformSupportModulesInManaged (8ms)
			SetLoadedEditorAssemblies (4ms)
			RefreshPlugins (0ms)
			BeforeProcessingInitializeOnLoad (132ms)
			ProcessInitializeOnLoadAttributes (639ms)
			ProcessInitializeOnLoadMethodAttributes (57ms)
			AfterProcessingInitializeOnLoad (19ms)
			EditorAssembliesLoaded (0ms)
		ExecutionOrderSort2 (0ms)
		AwakeInstancesAfterBackupRestoration (23ms)
Refreshing native plugins compatible for Editor in 24.59 ms, found 3 plugins.
Preloading 0 native plugins for Editor in 0.00 ms.
Unloading 4946 Unused Serialized files (Serialized files now loaded: 0)
Unloading 20 unused Assets / (316.5 KB). Loaded Objects now: 6147.
Memory consumption went from 183.6 MB to 183.3 MB.
Total: 4.321200 ms (FindLiveObjects: 0.440500 ms CreateObjectMapping: 0.342000 ms MarkObjects: 3.432400 ms  DeleteObjects: 0.105700 ms)

Prepare: number of updated asset objects reloaded= 0
AssetImportParameters requested are different than current active one (requested -> active):
  custom:container-demuxer-ogg: 62fdf1f143b41e24485cea50d1cbac27 -> 
  custom:scripting/monoscript/fileName/GameManager.cs: 9933fbcc6190e2a9171c2ec8808a053e -> 
  custom:video-decoder-ogg-theora: a1e56fd34408186e4bbccfd4996cb3dc -> 
  custom:framework-win-MediaFoundation: 216162199b28c13a410421893ffa2e32 -> 
  custom:CustomObjectIndexerAttribute: 72b91833f83ae208fae7752999fa3104 -> 
  custom:container-demuxer-webm: 4f35f7cbe854078d1ac9338744f61a02 -> 
  custom:container-muxer-webm: aa71ff27fc2769a1b78a27578f13a17b -> 
  custom:video-decoder-webm-vp8: 9c59270c3fd7afecdb556c50c9e8de78 -> 
  custom:SearchIndexIgnoredProperties: e643bd26f0fe6173181afceb89e7c659 -> 
  custom:AudioImporter_EditorPlatform: d09bf68614088b80899f8185d706f6e7 -> 
  custom:video-encoder-webm-vp8: eb34c28f22e8b96e1ab97ce403110664 -> 
  custom:audio-decoder-ogg-vorbis: bf7c407c2cedff20999df2af8eb42d56 -> 
  custom:audio-encoder-webm-vorbis: bf7c407c2cedff20999df2af8eb42d56 -> 
  custom:scripting/precompiled-assembly-types:Assembly-CSharp: a3286e588f2185aeddb73539bbd7024c -> 5067eed19507e5c54d6876c6374cab8d
========================================================================
Received Prepare
Caller must complete domain reload
Begin MonoManager ReloadAssembly
- Loaded All Assemblies, in  0.669 seconds
Native extension for WindowsStandalone target not found
Mono: successfully reloaded assembly
- Finished resetting the current domain, in  2.202 seconds
Domain Reload Profiling: 2856ms
	BeginReloadAssembly (210ms)
		ExecutionOrderSort (0ms)
		DisableScriptedObjects (5ms)
		BackupInstance (0ms)
		ReleaseScriptingObjects (0ms)
		CreateAndSetChildDomain (40ms)
	RebuildCommonClasses (38ms)
	RebuildNativeTypeToScriptingClass (9ms)
	initialDomainReloadingComplete (51ms)
	LoadAllAssembliesAndSetupDomain (345ms)
		LoadAssemblies (441ms)
		RebuildTransferFunctionScriptingTraits (0ms)
		AnalyzeDomain (22ms)
			TypeCache.Refresh (6ms)
				TypeCache.ScanAssembly (0ms)
			ScanForSourceGeneratedMonoScriptInfo (0ms)
			ResolveRequiredComponents (13ms)
	FinalizeReload (2203ms)
		ReleaseScriptCaches (0ms)
		RebuildScriptCaches (0ms)
		SetupLoadedEditorAssemblies (799ms)
			LogAssemblyErrors (0ms)
			InitializePlatformSupportModulesInManaged (7ms)
			SetLoadedEditorAssemblies (5ms)
			RefreshPlugins (0ms)
			BeforeProcessingInitializeOnLoad (121ms)
			ProcessInitializeOnLoadAttributes (588ms)
			ProcessInitializeOnLoadMethodAttributes (53ms)
			AfterProcessingInitializeOnLoad (25ms)
			EditorAssembliesLoaded (0ms)
		ExecutionOrderSort2 (0ms)
		AwakeInstancesAfterBackupRestoration (22ms)
Refreshing native plugins compatible for Editor in 23.09 ms, found 3 plugins.
Preloading 0 native plugins for Editor in 0.00 ms.
Unloading 4946 Unused Serialized files (Serialized files now loaded: 0)
Unloading 20 unused Assets / (316.1 KB). Loaded Objects now: 6151.
Memory consumption went from 183.5 MB to 183.2 MB.
Total: 4.812700 ms (FindLiveObjects: 0.613000 ms CreateObjectMapping: 0.290000 ms MarkObjects: 3.758400 ms  DeleteObjects: 0.150300 ms)

Prepare: number of updated asset objects reloaded= 0
AssetImportParameters requested are different than current active one (requested -> active):
  custom:container-demuxer-ogg: 62fdf1f143b41e24485cea50d1cbac27 -> 
  custom:scripting/monoscript/fileName/GameManager.cs: 9933fbcc6190e2a9171c2ec8808a053e -> 
  custom:video-decoder-ogg-theora: a1e56fd34408186e4bbccfd4996cb3dc -> 
  custom:framework-win-MediaFoundation: 216162199b28c13a410421893ffa2e32 -> 
  custom:CustomObjectIndexerAttribute: 72b91833f83ae208fae7752999fa3104 -> 
  custom:container-demuxer-webm: 4f35f7cbe854078d1ac9338744f61a02 -> 
  custom:container-muxer-webm: aa71ff27fc2769a1b78a27578f13a17b -> 
  custom:video-decoder-webm-vp8: 9c59270c3fd7afecdb556c50c9e8de78 -> 
  custom:SearchIndexIgnoredProperties: e643bd26f0fe6173181afceb89e7c659 -> 
  custom:AudioImporter_EditorPlatform: d09bf68614088b80899f8185d706f6e7 -> 
  custom:video-encoder-webm-vp8: eb34c28f22e8b96e1ab97ce403110664 -> 
  custom:audio-decoder-ogg-vorbis: bf7c407c2cedff20999df2af8eb42d56 -> 
  custom:audio-encoder-webm-vorbis: bf7c407c2cedff20999df2af8eb42d56 -> 
  custom:scripting/precompiled-assembly-types:Assembly-CSharp: a3286e588f2185aeddb73539bbd7024c -> 5067eed19507e5c54d6876c6374cab8d
========================================================================
Received Import Request.
  Time since last request: 15.927758 seconds.
  path: Assets/Prefab/System/Map System.prefab
  artifactKey: Guid(03028694caadee346a3ec6378f9046df) Importer(815301076,1909f56bfc062723c751e8b465ee728b)
Start importing Assets/Prefab/System/Map System.prefab using Guid(03028694caadee346a3ec6378f9046df) Importer(815301076,1909f56bfc062723c751e8b465ee728b) [PhysX] Initialized MultithreadedTaskDispatcher with 16 workers.
[PhysX] Initialized MultithreadedTaskDispatcher with 16 workers.
 -> (artifact id: '03fa00feb7b78a08d470cfc7791398be') in 0.345086 seconds
Number of updated asset objects reloaded before import = 0
Number of asset objects unloaded after import = 1826
========================================================================
Received Prepare
Caller must complete domain reload
Begin MonoManager ReloadAssembly
- Loaded All Assemblies, in  0.688 seconds
Native extension for WindowsStandalone target not found
Mono: successfully reloaded assembly
- Finished resetting the current domain, in  2.257 seconds
Domain Reload Profiling: 2929ms
	BeginReloadAssembly (224ms)
		ExecutionOrderSort (0ms)
		DisableScriptedObjects (10ms)
		BackupInstance (0ms)
		ReleaseScriptingObjects (0ms)
		CreateAndSetChildDomain (49ms)
	RebuildCommonClasses (31ms)
	RebuildNativeTypeToScriptingClass (9ms)
	initialDomainReloadingComplete (49ms)
	LoadAllAssembliesAndSetupDomain (359ms)
		LoadAssemblies (435ms)
		RebuildTransferFunctionScriptingTraits (0ms)
		AnalyzeDomain (42ms)
			TypeCache.Refresh (10ms)
				TypeCache.ScanAssembly (1ms)
			ScanForSourceGeneratedMonoScriptInfo (19ms)
			ResolveRequiredComponents (11ms)
	FinalizeReload (2257ms)
		ReleaseScriptCaches (0ms)
		RebuildScriptCaches (0ms)
		SetupLoadedEditorAssemblies (851ms)
			LogAssemblyErrors (0ms)
			InitializePlatformSupportModulesInManaged (8ms)
			SetLoadedEditorAssemblies (5ms)
			RefreshPlugins (0ms)
			BeforeProcessingInitializeOnLoad (133ms)
			ProcessInitializeOnLoadAttributes (632ms)
			ProcessInitializeOnLoadMethodAttributes (53ms)
			AfterProcessingInitializeOnLoad (19ms)
			EditorAssembliesLoaded (0ms)
		ExecutionOrderSort2 (0ms)
		AwakeInstancesAfterBackupRestoration (23ms)
Refreshing native plugins compatible for Editor in 24.87 ms, found 3 plugins.
Preloading 0 native plugins for Editor in 0.00 ms.
Unloading 4946 Unused Serialized files (Serialized files now loaded: 0)
Unloading 20 unused Assets / (316.5 KB). Loaded Objects now: 6191.
Memory consumption went from 183.7 MB to 183.4 MB.
Total: 4.742700 ms (FindLiveObjects: 0.500300 ms CreateObjectMapping: 0.435600 ms MarkObjects: 3.680400 ms  DeleteObjects: 0.125000 ms)

Prepare: number of updated asset objects reloaded= 0
AssetImportParameters requested are different than current active one (requested -> active):
  custom:container-demuxer-ogg: 62fdf1f143b41e24485cea50d1cbac27 -> 
  custom:scripting/monoscript/fileName/GameManager.cs: 9933fbcc6190e2a9171c2ec8808a053e -> 
  custom:video-decoder-ogg-theora: a1e56fd34408186e4bbccfd4996cb3dc -> 
  custom:framework-win-MediaFoundation: 216162199b28c13a410421893ffa2e32 -> 
  custom:CustomObjectIndexerAttribute: 72b91833f83ae208fae7752999fa3104 -> 
  custom:container-demuxer-webm: 4f35f7cbe854078d1ac9338744f61a02 -> 
  custom:container-muxer-webm: aa71ff27fc2769a1b78a27578f13a17b -> 
  custom:video-decoder-webm-vp8: 9c59270c3fd7afecdb556c50c9e8de78 -> 
  custom:SearchIndexIgnoredProperties: e643bd26f0fe6173181afceb89e7c659 -> 
  custom:AudioImporter_EditorPlatform: d09bf68614088b80899f8185d706f6e7 -> 
  custom:video-encoder-webm-vp8: eb34c28f22e8b96e1ab97ce403110664 -> 
  custom:audio-decoder-ogg-vorbis: bf7c407c2cedff20999df2af8eb42d56 -> 
  custom:audio-encoder-webm-vorbis: bf7c407c2cedff20999df2af8eb42d56 -> 
  custom:scripting/precompiled-assembly-types:Assembly-CSharp: a3286e588f2185aeddb73539bbd7024c -> 5067eed19507e5c54d6876c6374cab8d
========================================================================
Received Import Request.
  Time since last request: 35.091385 seconds.
  path: Assets/Prefab/System/Player.prefab
  artifactKey: Guid(281df7f3466b3b345a0ae9eef9fb2877) Importer(815301076,1909f56bfc062723c751e8b465ee728b)
Start importing Assets/Prefab/System/Player.prefab using Guid(281df7f3466b3b345a0ae9eef9fb2877) Importer(815301076,1909f56bfc062723c751e8b465ee728b) [PhysX] Initialized MultithreadedTaskDispatcher with 16 workers.
[PhysX] Initialized MultithreadedTaskDispatcher with 16 workers.
 -> (artifact id: 'd0aef2954603ae2d9b4b8523d431adf4') in 0.312904 seconds
Number of updated asset objects reloaded before import = 0
Number of asset objects unloaded after import = 462
========================================================================
Received Import Request.
  Time since last request: 5.476940 seconds.
  path: Assets/Prefab/System/Map System.prefab
  artifactKey: Guid(03028694caadee346a3ec6378f9046df) Importer(815301076,1909f56bfc062723c751e8b465ee728b)
Start importing Assets/Prefab/System/Map System.prefab using Guid(03028694caadee346a3ec6378f9046df) Importer(815301076,1909f56bfc062723c751e8b465ee728b) [PhysX] Initialized MultithreadedTaskDispatcher with 16 workers.
[PhysX] Initialized MultithreadedTaskDispatcher with 16 workers.
 -> (artifact id: '9b9c2c03b652350842a858a0393c9058') in 0.083395 seconds
Number of updated asset objects reloaded before import = 0
Number of asset objects unloaded after import = 1807
========================================================================
Received Import Request.
  Time since last request: 7.018396 seconds.
  path: Assets/Prefab/System/Map System.prefab
  artifactKey: Guid(03028694caadee346a3ec6378f9046df) Importer(815301076,1909f56bfc062723c751e8b465ee728b)
Start importing Assets/Prefab/System/Map System.prefab using Guid(03028694caadee346a3ec6378f9046df) Importer(815301076,1909f56bfc062723c751e8b465ee728b) [PhysX] Initialized MultithreadedTaskDispatcher with 16 workers.
[PhysX] Initialized MultithreadedTaskDispatcher with 16 workers.
 -> (artifact id: '1e7992cc46ca25f2eae3f937174520f2') in 0.076592 seconds
Number of updated asset objects reloaded before import = 0
Number of asset objects unloaded after import = 1807
========================================================================
Received Import Request.
  Time since last request: 4.993660 seconds.
  path: Assets/Prefab/System/Map System.prefab
  artifactKey: Guid(03028694caadee346a3ec6378f9046df) Importer(815301076,1909f56bfc062723c751e8b465ee728b)
Start importing Assets/Prefab/System/Map System.prefab using Guid(03028694caadee346a3ec6378f9046df) Importer(815301076,1909f56bfc062723c751e8b465ee728b) [PhysX] Initialized MultithreadedTaskDispatcher with 16 workers.
[PhysX] Initialized MultithreadedTaskDispatcher with 16 workers.
 -> (artifact id: '2508e220b8671fe8913559d1a8b6ebd4') in 0.078398 seconds
Number of updated asset objects reloaded before import = 0
Number of asset objects unloaded after import = 1807
========================================================================
Received Prepare
Caller must complete domain reload
Begin MonoManager ReloadAssembly
- Loaded All Assemblies, in  0.671 seconds
Native extension for WindowsStandalone target not found
Mono: successfully reloaded assembly
- Finished resetting the current domain, in  2.267 seconds
Domain Reload Profiling: 2923ms
	BeginReloadAssembly (220ms)
		ExecutionOrderSort (0ms)
		DisableScriptedObjects (11ms)
		BackupInstance (0ms)
		ReleaseScriptingObjects (0ms)
		CreateAndSetChildDomain (46ms)
	RebuildCommonClasses (30ms)
	RebuildNativeTypeToScriptingClass (9ms)
	initialDomainReloadingComplete (48ms)
	LoadAllAssembliesAndSetupDomain (348ms)
		LoadAssemblies (444ms)
		RebuildTransferFunctionScriptingTraits (0ms)
		AnalyzeDomain (20ms)
			TypeCache.Refresh (6ms)
				TypeCache.ScanAssembly (0ms)
			ScanForSourceGeneratedMonoScriptInfo (0ms)
			ResolveRequiredComponents (12ms)
	FinalizeReload (2268ms)
		ReleaseScriptCaches (0ms)
		RebuildScriptCaches (0ms)
		SetupLoadedEditorAssemblies (844ms)
			LogAssemblyErrors (0ms)
			InitializePlatformSupportModulesInManaged (7ms)
			SetLoadedEditorAssemblies (4ms)
			RefreshPlugins (0ms)
			BeforeProcessingInitializeOnLoad (120ms)
			ProcessInitializeOnLoadAttributes (638ms)
			ProcessInitializeOnLoadMethodAttributes (55ms)
			AfterProcessingInitializeOnLoad (19ms)
			EditorAssembliesLoaded (0ms)
		ExecutionOrderSort2 (0ms)
		AwakeInstancesAfterBackupRestoration (22ms)
Refreshing native plugins compatible for Editor in 22.13 ms, found 3 plugins.
Preloading 0 native plugins for Editor in 0.00 ms.
Unloading 4946 Unused Serialized files (Serialized files now loaded: 0)
Unloading 20 unused Assets / (316.5 KB). Loaded Objects now: 6231.
Memory consumption went from 184.0 MB to 183.7 MB.
Total: 3.961000 ms (FindLiveObjects: 0.481300 ms CreateObjectMapping: 0.186000 ms MarkObjects: 3.197600 ms  DeleteObjects: 0.094900 ms)

Prepare: number of updated asset objects reloaded= 0
AssetImportParameters requested are different than current active one (requested -> active):
  custom:container-demuxer-ogg: 62fdf1f143b41e24485cea50d1cbac27 -> 
  custom:scripting/monoscript/fileName/GameManager.cs: 9933fbcc6190e2a9171c2ec8808a053e -> 
  custom:video-decoder-ogg-theora: a1e56fd34408186e4bbccfd4996cb3dc -> 
  custom:framework-win-MediaFoundation: 216162199b28c13a410421893ffa2e32 -> 
  custom:CustomObjectIndexerAttribute: 72b91833f83ae208fae7752999fa3104 -> 
  custom:container-demuxer-webm: 4f35f7cbe854078d1ac9338744f61a02 -> 
  custom:container-muxer-webm: aa71ff27fc2769a1b78a27578f13a17b -> 
  custom:video-decoder-webm-vp8: 9c59270c3fd7afecdb556c50c9e8de78 -> 
  custom:SearchIndexIgnoredProperties: e643bd26f0fe6173181afceb89e7c659 -> 
  custom:AudioImporter_EditorPlatform: d09bf68614088b80899f8185d706f6e7 -> 
  custom:video-encoder-webm-vp8: eb34c28f22e8b96e1ab97ce403110664 -> 
  custom:audio-decoder-ogg-vorbis: bf7c407c2cedff20999df2af8eb42d56 -> 
  custom:audio-encoder-webm-vorbis: bf7c407c2cedff20999df2af8eb42d56 -> 
  custom:scripting/precompiled-assembly-types:Assembly-CSharp: a3286e588f2185aeddb73539bbd7024c -> 5067eed19507e5c54d6876c6374cab8d
========================================================================
Received Import Request.
  Time since last request: 29.410848 seconds.
  path: Assets/Prefab/System/Map System.prefab
  artifactKey: Guid(03028694caadee346a3ec6378f9046df) Importer(815301076,1909f56bfc062723c751e8b465ee728b)
Start importing Assets/Prefab/System/Map System.prefab using Guid(03028694caadee346a3ec6378f9046df) Importer(815301076,1909f56bfc062723c751e8b465ee728b) [PhysX] Initialized MultithreadedTaskDispatcher with 16 workers.
[PhysX] Initialized MultithreadedTaskDispatcher with 16 workers.
 -> (artifact id: '416e5abc60da75cba87e9ed6ec509402') in 0.369457 seconds
Number of updated asset objects reloaded before import = 0
Number of asset objects unloaded after import = 1826
========================================================================
Received Import Request.
  Time since last request: 3.429131 seconds.
  path: Assets/Prefab/System/Map System.prefab
  artifactKey: Guid(03028694caadee346a3ec6378f9046df) Importer(815301076,1909f56bfc062723c751e8b465ee728b)
Start importing Assets/Prefab/System/Map System.prefab using Guid(03028694caadee346a3ec6378f9046df) Importer(815301076,1909f56bfc062723c751e8b465ee728b) [PhysX] Initialized MultithreadedTaskDispatcher with 16 workers.
[PhysX] Initialized MultithreadedTaskDispatcher with 16 workers.
 -> (artifact id: '7d6927f72d166dccb22e60a3d55fe612') in 0.093059 seconds
Number of updated asset objects reloaded before import = 0
Number of asset objects unloaded after import = 1807
========================================================================
Received Import Request.
  Time since last request: 4.111339 seconds.
  path: Assets/Prefab/System/Map System.prefab
  artifactKey: Guid(03028694caadee346a3ec6378f9046df) Importer(815301076,1909f56bfc062723c751e8b465ee728b)
Start importing Assets/Prefab/System/Map System.prefab using Guid(03028694caadee346a3ec6378f9046df) Importer(815301076,1909f56bfc062723c751e8b465ee728b) [PhysX] Initialized MultithreadedTaskDispatcher with 16 workers.
[PhysX] Initialized MultithreadedTaskDispatcher with 16 workers.
 -> (artifact id: 'ff5d6bd655b94fd35606f2bc09f0d269') in 0.084354 seconds
Number of updated asset objects reloaded before import = 0
Number of asset objects unloaded after import = 1807
========================================================================
Received Import Request.
  Time since last request: 25.809790 seconds.
  path: Assets/Prefab/System/Map System.prefab
  artifactKey: Guid(03028694caadee346a3ec6378f9046df) Importer(815301076,1909f56bfc062723c751e8b465ee728b)
Start importing Assets/Prefab/System/Map System.prefab using Guid(03028694caadee346a3ec6378f9046df) Importer(815301076,1909f56bfc062723c751e8b465ee728b) [PhysX] Initialized MultithreadedTaskDispatcher with 16 workers.
[PhysX] Initialized MultithreadedTaskDispatcher with 16 workers.
 -> (artifact id: '4c78a84fff8ad5d3b066410e6322a977') in 0.078238 seconds
Number of updated asset objects reloaded before import = 0
Number of asset objects unloaded after import = 1807
========================================================================
Received Prepare
Caller must complete domain reload
Begin MonoManager ReloadAssembly
- Loaded All Assemblies, in  0.700 seconds
Native extension for WindowsStandalone target not found
Mono: successfully reloaded assembly
- Finished resetting the current domain, in  2.233 seconds
Domain Reload Profiling: 2917ms
	BeginReloadAssembly (224ms)
		ExecutionOrderSort (0ms)
		DisableScriptedObjects (10ms)
		BackupInstance (0ms)
		ReleaseScriptingObjects (0ms)
		CreateAndSetChildDomain (47ms)
	RebuildCommonClasses (30ms)
	RebuildNativeTypeToScriptingClass (9ms)
	initialDomainReloadingComplete (47ms)
	LoadAllAssembliesAndSetupDomain (374ms)
		LoadAssemblies (450ms)
		RebuildTransferFunctionScriptingTraits (0ms)
		AnalyzeDomain (42ms)
			TypeCache.Refresh (10ms)
				TypeCache.ScanAssembly (1ms)
			ScanForSourceGeneratedMonoScriptInfo (19ms)
			ResolveRequiredComponents (11ms)
	FinalizeReload (2233ms)
		ReleaseScriptCaches (0ms)
		RebuildScriptCaches (0ms)
		SetupLoadedEditorAssemblies (792ms)
			LogAssemblyErrors (0ms)
			InitializePlatformSupportModulesInManaged (7ms)
			SetLoadedEditorAssemblies (5ms)
			RefreshPlugins (0ms)
			BeforeProcessingInitializeOnLoad (121ms)
			ProcessInitializeOnLoadAttributes (578ms)
			ProcessInitializeOnLoadMethodAttributes (59ms)
			AfterProcessingInitializeOnLoad (22ms)
			EditorAssembliesLoaded (0ms)
		ExecutionOrderSort2 (0ms)
		AwakeInstancesAfterBackupRestoration (27ms)
Refreshing native plugins compatible for Editor in 22.13 ms, found 3 plugins.
Preloading 0 native plugins for Editor in 0.00 ms.
Unloading 4946 Unused Serialized files (Serialized files now loaded: 0)
Unloading 20 unused Assets / (316.5 KB). Loaded Objects now: 6271.
Memory consumption went from 184.0 MB to 183.7 MB.
Total: 4.430500 ms (FindLiveObjects: 0.511900 ms CreateObjectMapping: 0.359300 ms MarkObjects: 3.457300 ms  DeleteObjects: 0.101100 ms)

Prepare: number of updated asset objects reloaded= 0
AssetImportParameters requested are different than current active one (requested -> active):
  custom:container-demuxer-ogg: 62fdf1f143b41e24485cea50d1cbac27 -> 
  custom:scripting/monoscript/fileName/GameManager.cs: 9933fbcc6190e2a9171c2ec8808a053e -> 
  custom:video-decoder-ogg-theora: a1e56fd34408186e4bbccfd4996cb3dc -> 
  custom:framework-win-MediaFoundation: 216162199b28c13a410421893ffa2e32 -> 
  custom:CustomObjectIndexerAttribute: 72b91833f83ae208fae7752999fa3104 -> 
  custom:container-demuxer-webm: 4f35f7cbe854078d1ac9338744f61a02 -> 
  custom:container-muxer-webm: aa71ff27fc2769a1b78a27578f13a17b -> 
  custom:video-decoder-webm-vp8: 9c59270c3fd7afecdb556c50c9e8de78 -> 
  custom:SearchIndexIgnoredProperties: e643bd26f0fe6173181afceb89e7c659 -> 
  custom:AudioImporter_EditorPlatform: d09bf68614088b80899f8185d706f6e7 -> 
  custom:video-encoder-webm-vp8: eb34c28f22e8b96e1ab97ce403110664 -> 
  custom:audio-decoder-ogg-vorbis: bf7c407c2cedff20999df2af8eb42d56 -> 
  custom:audio-encoder-webm-vorbis: bf7c407c2cedff20999df2af8eb42d56 -> 
  custom:scripting/precompiled-assembly-types:Assembly-CSharp: a3286e588f2185aeddb73539bbd7024c -> 5067eed19507e5c54d6876c6374cab8d
========================================================================
Received Prepare
Caller must complete domain reload
Begin MonoManager ReloadAssembly
- Loaded All Assemblies, in  0.651 seconds
Native extension for WindowsStandalone target not found
Mono: successfully reloaded assembly
- Finished resetting the current domain, in  2.214 seconds
Domain Reload Profiling: 2850ms
	BeginReloadAssembly (219ms)
		ExecutionOrderSort (0ms)
		DisableScriptedObjects (5ms)
		BackupInstance (0ms)
		ReleaseScriptingObjects (0ms)
		CreateAndSetChildDomain (39ms)
	RebuildCommonClasses (31ms)
	RebuildNativeTypeToScriptingClass (13ms)
	initialDomainReloadingComplete (48ms)
	LoadAllAssembliesAndSetupDomain (325ms)
		LoadAssemblies (432ms)
		RebuildTransferFunctionScriptingTraits (0ms)
		AnalyzeDomain (19ms)
			TypeCache.Refresh (6ms)
				TypeCache.ScanAssembly (0ms)
			ScanForSourceGeneratedMonoScriptInfo (0ms)
			ResolveRequiredComponents (11ms)
	FinalizeReload (2215ms)
		ReleaseScriptCaches (0ms)
		RebuildScriptCaches (0ms)
		SetupLoadedEditorAssemblies (826ms)
			LogAssemblyErrors (0ms)
			InitializePlatformSupportModulesInManaged (7ms)
			SetLoadedEditorAssemblies (4ms)
			RefreshPlugins (0ms)
			BeforeProcessingInitializeOnLoad (124ms)
			ProcessInitializeOnLoadAttributes (622ms)
			ProcessInitializeOnLoadMethodAttributes (51ms)
			AfterProcessingInitializeOnLoad (19ms)
			EditorAssembliesLoaded (0ms)
		ExecutionOrderSort2 (0ms)
		AwakeInstancesAfterBackupRestoration (23ms)
Refreshing native plugins compatible for Editor in 22.94 ms, found 3 plugins.
Preloading 0 native plugins for Editor in 0.00 ms.
Unloading 4946 Unused Serialized files (Serialized files now loaded: 0)
Unloading 20 unused Assets / (316.0 KB). Loaded Objects now: 6275.
Memory consumption went from 183.9 MB to 183.6 MB.
Total: 4.630200 ms (FindLiveObjects: 0.519400 ms CreateObjectMapping: 0.377100 ms MarkObjects: 3.625300 ms  DeleteObjects: 0.107500 ms)

Prepare: number of updated asset objects reloaded= 0
AssetImportParameters requested are different than current active one (requested -> active):
  custom:container-demuxer-ogg: 62fdf1f143b41e24485cea50d1cbac27 -> 
  custom:scripting/monoscript/fileName/GameManager.cs: 9933fbcc6190e2a9171c2ec8808a053e -> 
  custom:video-decoder-ogg-theora: a1e56fd34408186e4bbccfd4996cb3dc -> 
  custom:framework-win-MediaFoundation: 216162199b28c13a410421893ffa2e32 -> 
  custom:CustomObjectIndexerAttribute: 72b91833f83ae208fae7752999fa3104 -> 
  custom:container-demuxer-webm: 4f35f7cbe854078d1ac9338744f61a02 -> 
  custom:container-muxer-webm: aa71ff27fc2769a1b78a27578f13a17b -> 
  custom:video-decoder-webm-vp8: 9c59270c3fd7afecdb556c50c9e8de78 -> 
  custom:SearchIndexIgnoredProperties: e643bd26f0fe6173181afceb89e7c659 -> 
  custom:AudioImporter_EditorPlatform: d09bf68614088b80899f8185d706f6e7 -> 
  custom:video-encoder-webm-vp8: eb34c28f22e8b96e1ab97ce403110664 -> 
  custom:audio-decoder-ogg-vorbis: bf7c407c2cedff20999df2af8eb42d56 -> 
  custom:audio-encoder-webm-vorbis: bf7c407c2cedff20999df2af8eb42d56 -> 
  custom:scripting/precompiled-assembly-types:Assembly-CSharp: a3286e588f2185aeddb73539bbd7024c -> 5067eed19507e5c54d6876c6374cab8d
========================================================================
Received Import Request.
  Time since last request: 49.752205 seconds.
  path: Assets/Prefab/System/Map System.prefab
  artifactKey: Guid(03028694caadee346a3ec6378f9046df) Importer(815301076,1909f56bfc062723c751e8b465ee728b)
Start importing Assets/Prefab/System/Map System.prefab using Guid(03028694caadee346a3ec6378f9046df) Importer(815301076,1909f56bfc062723c751e8b465ee728b) [PhysX] Initialized MultithreadedTaskDispatcher with 16 workers.
[PhysX] Initialized MultithreadedTaskDispatcher with 16 workers.
 -> (artifact id: 'bd8912ada8291e8eb4333687106f3222') in 0.388980 seconds
Number of updated asset objects reloaded before import = 0
Number of asset objects unloaded after import = 1826
========================================================================
Received Import Request.
  Time since last request: 4.988209 seconds.
  path: Assets/Prefab/System/Map System.prefab
  artifactKey: Guid(03028694caadee346a3ec6378f9046df) Importer(815301076,1909f56bfc062723c751e8b465ee728b)
Start importing Assets/Prefab/System/Map System.prefab using Guid(03028694caadee346a3ec6378f9046df) Importer(815301076,1909f56bfc062723c751e8b465ee728b) [PhysX] Initialized MultithreadedTaskDispatcher with 16 workers.
[PhysX] Initialized MultithreadedTaskDispatcher with 16 workers.
 -> (artifact id: '3b6e16c83b2c8b28943d0a03e68cc85f') in 0.079557 seconds
Number of updated asset objects reloaded before import = 0
Number of asset objects unloaded after import = 1807
========================================================================
Received Prepare
Caller must complete domain reload
Begin MonoManager ReloadAssembly
- Loaded All Assemblies, in  0.706 seconds
Native extension for WindowsStandalone target not found
Mono: successfully reloaded assembly
- Finished resetting the current domain, in  2.299 seconds
Domain Reload Profiling: 2990ms
	BeginReloadAssembly (227ms)
		ExecutionOrderSort (0ms)
		DisableScriptedObjects (11ms)
		BackupInstance (0ms)
		ReleaseScriptingObjects (0ms)
		CreateAndSetChildDomain (47ms)
	RebuildCommonClasses (32ms)
	RebuildNativeTypeToScriptingClass (14ms)
	initialDomainReloadingComplete (50ms)
	LoadAllAssembliesAndSetupDomain (367ms)
		LoadAssemblies (445ms)
		RebuildTransferFunctionScriptingTraits (0ms)
		AnalyzeDomain (44ms)
			TypeCache.Refresh (11ms)
				TypeCache.ScanAssembly (2ms)
			ScanForSourceGeneratedMonoScriptInfo (19ms)
			ResolveRequiredComponents (12ms)
	FinalizeReload (2300ms)
		ReleaseScriptCaches (0ms)
		RebuildScriptCaches (0ms)
		SetupLoadedEditorAssemblies (844ms)
			LogAssemblyErrors (0ms)
			InitializePlatformSupportModulesInManaged (8ms)
			SetLoadedEditorAssemblies (4ms)
			RefreshPlugins (0ms)
			BeforeProcessingInitializeOnLoad (122ms)
			ProcessInitializeOnLoadAttributes (637ms)
			ProcessInitializeOnLoadMethodAttributes (53ms)
			AfterProcessingInitializeOnLoad (21ms)
			EditorAssembliesLoaded (0ms)
		ExecutionOrderSort2 (0ms)
		AwakeInstancesAfterBackupRestoration (25ms)
Refreshing native plugins compatible for Editor in 23.24 ms, found 3 plugins.
Preloading 0 native plugins for Editor in 0.00 ms.
Unloading 4946 Unused Serialized files (Serialized files now loaded: 0)
Unloading 20 unused Assets / (316.5 KB). Loaded Objects now: 6315.
Memory consumption went from 184.1 MB to 183.8 MB.
Total: 4.622700 ms (FindLiveObjects: 0.531900 ms CreateObjectMapping: 0.377000 ms MarkObjects: 3.581400 ms  DeleteObjects: 0.131500 ms)

Prepare: number of updated asset objects reloaded= 0
AssetImportParameters requested are different than current active one (requested -> active):
  custom:container-demuxer-ogg: 62fdf1f143b41e24485cea50d1cbac27 -> 
  custom:scripting/monoscript/fileName/GameManager.cs: 9933fbcc6190e2a9171c2ec8808a053e -> 
  custom:video-decoder-ogg-theora: a1e56fd34408186e4bbccfd4996cb3dc -> 
  custom:framework-win-MediaFoundation: 216162199b28c13a410421893ffa2e32 -> 
  custom:CustomObjectIndexerAttribute: 72b91833f83ae208fae7752999fa3104 -> 
  custom:container-demuxer-webm: 4f35f7cbe854078d1ac9338744f61a02 -> 
  custom:container-muxer-webm: aa71ff27fc2769a1b78a27578f13a17b -> 
  custom:video-decoder-webm-vp8: 9c59270c3fd7afecdb556c50c9e8de78 -> 
  custom:SearchIndexIgnoredProperties: e643bd26f0fe6173181afceb89e7c659 -> 
  custom:AudioImporter_EditorPlatform: d09bf68614088b80899f8185d706f6e7 -> 
  custom:video-encoder-webm-vp8: eb34c28f22e8b96e1ab97ce403110664 -> 
  custom:audio-decoder-ogg-vorbis: bf7c407c2cedff20999df2af8eb42d56 -> 
  custom:audio-encoder-webm-vorbis: bf7c407c2cedff20999df2af8eb42d56 -> 
  custom:scripting/precompiled-assembly-types:Assembly-CSharp: a3286e588f2185aeddb73539bbd7024c -> 5067eed19507e5c54d6876c6374cab8d
========================================================================
Received Import Request.
  Time since last request: 178.246525 seconds.
  path: Assets/Prefab/System/Map System.prefab
  artifactKey: Guid(03028694caadee346a3ec6378f9046df) Importer(815301076,1909f56bfc062723c751e8b465ee728b)
Start importing Assets/Prefab/System/Map System.prefab using Guid(03028694caadee346a3ec6378f9046df) Importer(815301076,1909f56bfc062723c751e8b465ee728b) [PhysX] Initialized MultithreadedTaskDispatcher with 16 workers.
[PhysX] Initialized MultithreadedTaskDispatcher with 16 workers.
 -> (artifact id: '0d35891656e8098fd45ff3b662f6b029') in 0.326883 seconds
Number of updated asset objects reloaded before import = 0
Number of asset objects unloaded after import = 1826
========================================================================
Received Import Request.
  Time since last request: 0.738196 seconds.
  path: Assets/Prefab/System/Map System.prefab
  artifactKey: Guid(03028694caadee346a3ec6378f9046df) Importer(815301076,1909f56bfc062723c751e8b465ee728b)
Start importing Assets/Prefab/System/Map System.prefab using Guid(03028694caadee346a3ec6378f9046df) Importer(815301076,1909f56bfc062723c751e8b465ee728b) [PhysX] Initialized MultithreadedTaskDispatcher with 16 workers.
[PhysX] Initialized MultithreadedTaskDispatcher with 16 workers.
 -> (artifact id: 'c0b8c17dfb9aa73174946c1482c6eae4') in 0.077951 seconds
Number of updated asset objects reloaded before import = 0
Number of asset objects unloaded after import = 1807
========================================================================
Received Import Request.
  Time since last request: 2.378109 seconds.
  path: Assets/Prefab/System/Map System.prefab
  artifactKey: Guid(03028694caadee346a3ec6378f9046df) Importer(815301076,1909f56bfc062723c751e8b465ee728b)
Start importing Assets/Prefab/System/Map System.prefab using Guid(03028694caadee346a3ec6378f9046df) Importer(815301076,1909f56bfc062723c751e8b465ee728b) [PhysX] Initialized MultithreadedTaskDispatcher with 16 workers.
[PhysX] Initialized MultithreadedTaskDispatcher with 16 workers.
 -> (artifact id: '8df4126653e5d5642d3db379a8af7fb0') in 0.079199 seconds
Number of updated asset objects reloaded before import = 0
Number of asset objects unloaded after import = 1807
========================================================================
Received Import Request.
  Time since last request: 2.959731 seconds.
  path: Assets/Prefab/System/Map System.prefab
  artifactKey: Guid(03028694caadee346a3ec6378f9046df) Importer(815301076,1909f56bfc062723c751e8b465ee728b)
Start importing Assets/Prefab/System/Map System.prefab using Guid(03028694caadee346a3ec6378f9046df) Importer(815301076,1909f56bfc062723c751e8b465ee728b) [PhysX] Initialized MultithreadedTaskDispatcher with 16 workers.
[PhysX] Initialized MultithreadedTaskDispatcher with 16 workers.
 -> (artifact id: 'f8024a7dfa7759a477c3397752a2ecd4') in 0.074451 seconds
Number of updated asset objects reloaded before import = 0
Number of asset objects unloaded after import = 1807
========================================================================
Received Import Request.
  Time since last request: 0.917379 seconds.
  path: Assets/Prefab/System/Map System.prefab
  artifactKey: Guid(03028694caadee346a3ec6378f9046df) Importer(815301076,1909f56bfc062723c751e8b465ee728b)
Start importing Assets/Prefab/System/Map System.prefab using Guid(03028694caadee346a3ec6378f9046df) Importer(815301076,1909f56bfc062723c751e8b465ee728b) [PhysX] Initialized MultithreadedTaskDispatcher with 16 workers.
[PhysX] Initialized MultithreadedTaskDispatcher with 16 workers.
 -> (artifact id: '9b5c2ceff50d024b4057df9803064a27') in 0.073372 seconds
Number of updated asset objects reloaded before import = 0
Number of asset objects unloaded after import = 1807
========================================================================
Received Prepare
Caller must complete domain reload
Begin MonoManager ReloadAssembly
- Loaded All Assemblies, in  0.666 seconds
Native extension for WindowsStandalone target not found
Mono: successfully reloaded assembly
- Finished resetting the current domain, in  2.190 seconds
Domain Reload Profiling: 2842ms
	BeginReloadAssembly (221ms)
		ExecutionOrderSort (0ms)
		DisableScriptedObjects (11ms)
		BackupInstance (0ms)
		ReleaseScriptingObjects (0ms)
		CreateAndSetChildDomain (49ms)
	RebuildCommonClasses (30ms)
	RebuildNativeTypeToScriptingClass (9ms)
	initialDomainReloadingComplete (49ms)
	LoadAllAssembliesAndSetupDomain (343ms)
		LoadAssemblies (438ms)
		RebuildTransferFunctionScriptingTraits (0ms)
		AnalyzeDomain (18ms)
			TypeCache.Refresh (5ms)
				TypeCache.ScanAssembly (0ms)
			ScanForSourceGeneratedMonoScriptInfo (0ms)
			ResolveRequiredComponents (11ms)
	FinalizeReload (2191ms)
		ReleaseScriptCaches (0ms)
		RebuildScriptCaches (0ms)
		SetupLoadedEditorAssemblies (817ms)
			LogAssemblyErrors (0ms)
			InitializePlatformSupportModulesInManaged (7ms)
			SetLoadedEditorAssemblies (4ms)
			RefreshPlugins (0ms)
			BeforeProcessingInitializeOnLoad (123ms)
			ProcessInitializeOnLoadAttributes (614ms)
			ProcessInitializeOnLoadMethodAttributes (51ms)
			AfterProcessingInitializeOnLoad (18ms)
			EditorAssembliesLoaded (0ms)
		ExecutionOrderSort2 (0ms)
		AwakeInstancesAfterBackupRestoration (24ms)
Refreshing native plugins compatible for Editor in 25.32 ms, found 3 plugins.
Preloading 0 native plugins for Editor in 0.00 ms.
Unloading 4946 Unused Serialized files (Serialized files now loaded: 0)
Unloading 20 unused Assets / (316.6 KB). Loaded Objects now: 6355.
Memory consumption went from 184.1 MB to 183.8 MB.
Total: 4.347500 ms (FindLiveObjects: 0.495400 ms CreateObjectMapping: 0.366100 ms MarkObjects: 3.369300 ms  DeleteObjects: 0.115700 ms)

Prepare: number of updated asset objects reloaded= 0
AssetImportParameters requested are different than current active one (requested -> active):
  custom:container-demuxer-ogg: 62fdf1f143b41e24485cea50d1cbac27 -> 
  custom:scripting/monoscript/fileName/GameManager.cs: 9933fbcc6190e2a9171c2ec8808a053e -> 
  custom:video-decoder-ogg-theora: a1e56fd34408186e4bbccfd4996cb3dc -> 
  custom:framework-win-MediaFoundation: 216162199b28c13a410421893ffa2e32 -> 
  custom:CustomObjectIndexerAttribute: 72b91833f83ae208fae7752999fa3104 -> 
  custom:container-demuxer-webm: 4f35f7cbe854078d1ac9338744f61a02 -> 
  custom:container-muxer-webm: aa71ff27fc2769a1b78a27578f13a17b -> 
  custom:video-decoder-webm-vp8: 9c59270c3fd7afecdb556c50c9e8de78 -> 
  custom:SearchIndexIgnoredProperties: e643bd26f0fe6173181afceb89e7c659 -> 
  custom:AudioImporter_EditorPlatform: d09bf68614088b80899f8185d706f6e7 -> 
  custom:video-encoder-webm-vp8: eb34c28f22e8b96e1ab97ce403110664 -> 
  custom:audio-decoder-ogg-vorbis: bf7c407c2cedff20999df2af8eb42d56 -> 
  custom:audio-encoder-webm-vorbis: bf7c407c2cedff20999df2af8eb42d56 -> 
  custom:scripting/precompiled-assembly-types:Assembly-CSharp: a3286e588f2185aeddb73539bbd7024c -> 5067eed19507e5c54d6876c6374cab8d
========================================================================
Received Prepare
Caller must complete domain reload
Begin MonoManager ReloadAssembly
- Loaded All Assemblies, in  0.704 seconds
Native extension for WindowsStandalone target not found
Mono: successfully reloaded assembly
- Finished resetting the current domain, in  2.196 seconds
Domain Reload Profiling: 2885ms
	BeginReloadAssembly (219ms)
		ExecutionOrderSort (0ms)
		DisableScriptedObjects (5ms)
		BackupInstance (0ms)
		ReleaseScriptingObjects (0ms)
		CreateAndSetChildDomain (40ms)
	RebuildCommonClasses (34ms)
	RebuildNativeTypeToScriptingClass (9ms)
	initialDomainReloadingComplete (48ms)
	LoadAllAssembliesAndSetupDomain (378ms)
		LoadAssemblies (450ms)
		RebuildTransferFunctionScriptingTraits (0ms)
		AnalyzeDomain (46ms)
			TypeCache.Refresh (10ms)
				TypeCache.ScanAssembly (1ms)
			ScanForSourceGeneratedMonoScriptInfo (20ms)
			ResolveRequiredComponents (14ms)
	FinalizeReload (2197ms)
		ReleaseScriptCaches (0ms)
		RebuildScriptCaches (0ms)
		SetupLoadedEditorAssemblies (802ms)
			LogAssemblyErrors (0ms)
			InitializePlatformSupportModulesInManaged (8ms)
			SetLoadedEditorAssemblies (4ms)
			RefreshPlugins (0ms)
			BeforeProcessingInitializeOnLoad (123ms)
			ProcessInitializeOnLoadAttributes (590ms)
			ProcessInitializeOnLoadMethodAttributes (56ms)
			AfterProcessingInitializeOnLoad (20ms)
			EditorAssembliesLoaded (0ms)
		ExecutionOrderSort2 (0ms)
		AwakeInstancesAfterBackupRestoration (25ms)
Refreshing native plugins compatible for Editor in 20.66 ms, found 3 plugins.
Preloading 0 native plugins for Editor in 0.00 ms.
Unloading 4946 Unused Serialized files (Serialized files now loaded: 0)
Unloading 20 unused Assets / (316.1 KB). Loaded Objects now: 6359.
Memory consumption went from 184.0 MB to 183.7 MB.
Total: 4.897500 ms (FindLiveObjects: 0.551600 ms CreateObjectMapping: 0.518500 ms MarkObjects: 3.708400 ms  DeleteObjects: 0.117800 ms)

Prepare: number of updated asset objects reloaded= 0
AssetImportParameters requested are different than current active one (requested -> active):
  custom:container-demuxer-ogg: 62fdf1f143b41e24485cea50d1cbac27 -> 
  custom:scripting/monoscript/fileName/GameManager.cs: 9933fbcc6190e2a9171c2ec8808a053e -> 
  custom:video-decoder-ogg-theora: a1e56fd34408186e4bbccfd4996cb3dc -> 
  custom:framework-win-MediaFoundation: 216162199b28c13a410421893ffa2e32 -> 
  custom:CustomObjectIndexerAttribute: 72b91833f83ae208fae7752999fa3104 -> 
  custom:container-demuxer-webm: 4f35f7cbe854078d1ac9338744f61a02 -> 
  custom:container-muxer-webm: aa71ff27fc2769a1b78a27578f13a17b -> 
  custom:video-decoder-webm-vp8: 9c59270c3fd7afecdb556c50c9e8de78 -> 
  custom:SearchIndexIgnoredProperties: e643bd26f0fe6173181afceb89e7c659 -> 
  custom:AudioImporter_EditorPlatform: d09bf68614088b80899f8185d706f6e7 -> 
  custom:video-encoder-webm-vp8: eb34c28f22e8b96e1ab97ce403110664 -> 
  custom:audio-decoder-ogg-vorbis: bf7c407c2cedff20999df2af8eb42d56 -> 
  custom:audio-encoder-webm-vorbis: bf7c407c2cedff20999df2af8eb42d56 -> 
  custom:scripting/precompiled-assembly-types:Assembly-CSharp: a3286e588f2185aeddb73539bbd7024c -> 5067eed19507e5c54d6876c6374cab8d
========================================================================
Received Prepare
Caller must complete domain reload
Begin MonoManager ReloadAssembly
- Loaded All Assemblies, in  0.672 seconds
Native extension for WindowsStandalone target not found
Mono: successfully reloaded assembly
- Finished resetting the current domain, in  2.203 seconds
Domain Reload Profiling: 2862ms
	BeginReloadAssembly (219ms)
		ExecutionOrderSort (0ms)
		DisableScriptedObjects (5ms)
		BackupInstance (0ms)
		ReleaseScriptingObjects (0ms)
		CreateAndSetChildDomain (46ms)
	RebuildCommonClasses (39ms)
	RebuildNativeTypeToScriptingClass (9ms)
	initialDomainReloadingComplete (51ms)
	LoadAllAssembliesAndSetupDomain (339ms)
		LoadAssemblies (438ms)
		RebuildTransferFunctionScriptingTraits (0ms)
		AnalyzeDomain (20ms)
			TypeCache.Refresh (5ms)
				TypeCache.ScanAssembly (0ms)
			ScanForSourceGeneratedMonoScriptInfo (0ms)
			ResolveRequiredComponents (13ms)
	FinalizeReload (2204ms)
		ReleaseScriptCaches (0ms)
		RebuildScriptCaches (0ms)
		SetupLoadedEditorAssemblies (858ms)
			LogAssemblyErrors (0ms)
			InitializePlatformSupportModulesInManaged (7ms)
			SetLoadedEditorAssemblies (4ms)
			RefreshPlugins (0ms)
			BeforeProcessingInitializeOnLoad (115ms)
			ProcessInitializeOnLoadAttributes (649ms)
			ProcessInitializeOnLoadMethodAttributes (57ms)
			AfterProcessingInitializeOnLoad (25ms)
			EditorAssembliesLoaded (0ms)
		ExecutionOrderSort2 (0ms)
		AwakeInstancesAfterBackupRestoration (33ms)
Refreshing native plugins compatible for Editor in 18.19 ms, found 3 plugins.
Preloading 0 native plugins for Editor in 0.00 ms.
Unloading 4946 Unused Serialized files (Serialized files now loaded: 0)
Unloading 20 unused Assets / (316.0 KB). Loaded Objects now: 6363.
Memory consumption went from 184.0 MB to 183.7 MB.
Total: 4.348400 ms (FindLiveObjects: 0.477000 ms CreateObjectMapping: 0.384300 ms MarkObjects: 3.382800 ms  DeleteObjects: 0.103700 ms)

Prepare: number of updated asset objects reloaded= 0
AssetImportParameters requested are different than current active one (requested -> active):
  custom:container-demuxer-ogg: 62fdf1f143b41e24485cea50d1cbac27 -> 
  custom:scripting/monoscript/fileName/GameManager.cs: 9933fbcc6190e2a9171c2ec8808a053e -> 
  custom:video-decoder-ogg-theora: a1e56fd34408186e4bbccfd4996cb3dc -> 
  custom:framework-win-MediaFoundation: 216162199b28c13a410421893ffa2e32 -> 
  custom:CustomObjectIndexerAttribute: 72b91833f83ae208fae7752999fa3104 -> 
  custom:container-demuxer-webm: 4f35f7cbe854078d1ac9338744f61a02 -> 
  custom:container-muxer-webm: aa71ff27fc2769a1b78a27578f13a17b -> 
  custom:video-decoder-webm-vp8: 9c59270c3fd7afecdb556c50c9e8de78 -> 
  custom:SearchIndexIgnoredProperties: e643bd26f0fe6173181afceb89e7c659 -> 
  custom:AudioImporter_EditorPlatform: d09bf68614088b80899f8185d706f6e7 -> 
  custom:video-encoder-webm-vp8: eb34c28f22e8b96e1ab97ce403110664 -> 
  custom:audio-decoder-ogg-vorbis: bf7c407c2cedff20999df2af8eb42d56 -> 
  custom:audio-encoder-webm-vorbis: bf7c407c2cedff20999df2af8eb42d56 -> 
  custom:scripting/precompiled-assembly-types:Assembly-CSharp: a3286e588f2185aeddb73539bbd7024c -> 5067eed19507e5c54d6876c6374cab8d
========================================================================
Received Import Request.
  Time since last request: 144.773651 seconds.
  path: Assets/Prefab/System/Tool.prefab
  artifactKey: Guid(14a7a30da4902354a9ffa43e9d7e3b64) Importer(815301076,1909f56bfc062723c751e8b465ee728b)
Start importing Assets/Prefab/System/Tool.prefab using Guid(14a7a30da4902354a9ffa43e9d7e3b64) Importer(815301076,1909f56bfc062723c751e8b465ee728b) [PhysX] Initialized MultithreadedTaskDispatcher with 16 workers.
 -> (artifact id: 'dd2c6192b7dd86b3cdf542a52fd9cac9') in 0.047158 seconds
Number of updated asset objects reloaded before import = 0
Number of asset objects unloaded after import = 218
========================================================================
Received Prepare
Caller must complete domain reload
Begin MonoManager ReloadAssembly
- Loaded All Assemblies, in  0.662 seconds
Native extension for WindowsStandalone target not found
Mono: successfully reloaded assembly
- Finished resetting the current domain, in  2.324 seconds
Domain Reload Profiling: 2971ms
	BeginReloadAssembly (222ms)
		ExecutionOrderSort (0ms)
		DisableScriptedObjects (7ms)
		BackupInstance (0ms)
		ReleaseScriptingObjects (0ms)
		CreateAndSetChildDomain (45ms)
	RebuildCommonClasses (31ms)
	RebuildNativeTypeToScriptingClass (9ms)
	initialDomainReloadingComplete (49ms)
	LoadAllAssembliesAndSetupDomain (337ms)
		LoadAssemblies (438ms)
		RebuildTransferFunctionScriptingTraits (0ms)
		AnalyzeDomain (19ms)
			TypeCache.Refresh (6ms)
				TypeCache.ScanAssembly (0ms)
			ScanForSourceGeneratedMonoScriptInfo (0ms)
			ResolveRequiredComponents (12ms)
	FinalizeReload (2324ms)
		ReleaseScriptCaches (0ms)
		RebuildScriptCaches (0ms)
		SetupLoadedEditorAssemblies (861ms)
			LogAssemblyErrors (0ms)
			InitializePlatformSupportModulesInManaged (7ms)
			SetLoadedEditorAssemblies (4ms)
			RefreshPlugins (0ms)
			BeforeProcessingInitializeOnLoad (138ms)
			ProcessInitializeOnLoadAttributes (632ms)
			ProcessInitializeOnLoadMethodAttributes (61ms)
			AfterProcessingInitializeOnLoad (19ms)
			EditorAssembliesLoaded (0ms)
		ExecutionOrderSort2 (0ms)
		AwakeInstancesAfterBackupRestoration (27ms)
Refreshing native plugins compatible for Editor in 22.17 ms, found 3 plugins.
Preloading 0 native plugins for Editor in 0.00 ms.
Unloading 4946 Unused Serialized files (Serialized files now loaded: 0)
Unloading 20 unused Assets / (316.6 KB). Loaded Objects now: 6367.
Memory consumption went from 184.0 MB to 183.7 MB.
Total: 3.928200 ms (FindLiveObjects: 0.508000 ms CreateObjectMapping: 0.202400 ms MarkObjects: 3.112100 ms  DeleteObjects: 0.105100 ms)

Prepare: number of updated asset objects reloaded= 0
AssetImportParameters requested are different than current active one (requested -> active):
  custom:container-demuxer-ogg: 62fdf1f143b41e24485cea50d1cbac27 -> 
  custom:scripting/monoscript/fileName/GameManager.cs: 9933fbcc6190e2a9171c2ec8808a053e -> 
  custom:video-decoder-ogg-theora: a1e56fd34408186e4bbccfd4996cb3dc -> 
  custom:framework-win-MediaFoundation: 216162199b28c13a410421893ffa2e32 -> 
  custom:CustomObjectIndexerAttribute: 72b91833f83ae208fae7752999fa3104 -> 
  custom:container-demuxer-webm: 4f35f7cbe854078d1ac9338744f61a02 -> 
  custom:container-muxer-webm: aa71ff27fc2769a1b78a27578f13a17b -> 
  custom:video-decoder-webm-vp8: 9c59270c3fd7afecdb556c50c9e8de78 -> 
  custom:SearchIndexIgnoredProperties: e643bd26f0fe6173181afceb89e7c659 -> 
  custom:AudioImporter_EditorPlatform: d09bf68614088b80899f8185d706f6e7 -> 
  custom:video-encoder-webm-vp8: eb34c28f22e8b96e1ab97ce403110664 -> 
  custom:audio-decoder-ogg-vorbis: bf7c407c2cedff20999df2af8eb42d56 -> 
  custom:audio-encoder-webm-vorbis: bf7c407c2cedff20999df2af8eb42d56 -> 
  custom:scripting/precompiled-assembly-types:Assembly-CSharp: a3286e588f2185aeddb73539bbd7024c -> 5067eed19507e5c54d6876c6374cab8d
========================================================================
Received Prepare
Caller must complete domain reload
Begin MonoManager ReloadAssembly
- Loaded All Assemblies, in  0.681 seconds
Native extension for WindowsStandalone target not found
Mono: successfully reloaded assembly
- Finished resetting the current domain, in  2.213 seconds
Domain Reload Profiling: 2879ms
	BeginReloadAssembly (209ms)
		ExecutionOrderSort (0ms)
		DisableScriptedObjects (5ms)
		BackupInstance (0ms)
		ReleaseScriptingObjects (0ms)
		CreateAndSetChildDomain (39ms)
	RebuildCommonClasses (30ms)
	RebuildNativeTypeToScriptingClass (16ms)
	initialDomainReloadingComplete (51ms)
	LoadAllAssembliesAndSetupDomain (359ms)
		LoadAssemblies (434ms)
		RebuildTransferFunctionScriptingTraits (0ms)
		AnalyzeDomain (42ms)
			TypeCache.Refresh (11ms)
				TypeCache.ScanAssembly (2ms)
			ScanForSourceGeneratedMonoScriptInfo (19ms)
			ResolveRequiredComponents (11ms)
	FinalizeReload (2213ms)
		ReleaseScriptCaches (0ms)
		RebuildScriptCaches (0ms)
		SetupLoadedEditorAssemblies (800ms)
			LogAssemblyErrors (0ms)
			InitializePlatformSupportModulesInManaged (7ms)
			SetLoadedEditorAssemblies (5ms)
			RefreshPlugins (0ms)
			BeforeProcessingInitializeOnLoad (127ms)
			ProcessInitializeOnLoadAttributes (577ms)
			ProcessInitializeOnLoadMethodAttributes (61ms)
			AfterProcessingInitializeOnLoad (22ms)
			EditorAssembliesLoaded (0ms)
		ExecutionOrderSort2 (0ms)
		AwakeInstancesAfterBackupRestoration (25ms)
Refreshing native plugins compatible for Editor in 20.62 ms, found 3 plugins.
Preloading 0 native plugins for Editor in 0.00 ms.
Unloading 4946 Unused Serialized files (Serialized files now loaded: 0)
Unloading 20 unused Assets / (316.0 KB). Loaded Objects now: 6371.
Memory consumption went from 184.0 MB to 183.7 MB.
Total: 5.416600 ms (FindLiveObjects: 0.705700 ms CreateObjectMapping: 0.494300 ms MarkObjects: 4.090700 ms  DeleteObjects: 0.124800 ms)

Prepare: number of updated asset objects reloaded= 0
AssetImportParameters requested are different than current active one (requested -> active):
  custom:container-demuxer-ogg: 62fdf1f143b41e24485cea50d1cbac27 -> 
  custom:scripting/monoscript/fileName/GameManager.cs: 9933fbcc6190e2a9171c2ec8808a053e -> 
  custom:video-decoder-ogg-theora: a1e56fd34408186e4bbccfd4996cb3dc -> 
  custom:framework-win-MediaFoundation: 216162199b28c13a410421893ffa2e32 -> 
  custom:CustomObjectIndexerAttribute: 72b91833f83ae208fae7752999fa3104 -> 
  custom:container-demuxer-webm: 4f35f7cbe854078d1ac9338744f61a02 -> 
  custom:container-muxer-webm: aa71ff27fc2769a1b78a27578f13a17b -> 
  custom:video-decoder-webm-vp8: 9c59270c3fd7afecdb556c50c9e8de78 -> 
  custom:SearchIndexIgnoredProperties: e643bd26f0fe6173181afceb89e7c659 -> 
  custom:AudioImporter_EditorPlatform: d09bf68614088b80899f8185d706f6e7 -> 
  custom:video-encoder-webm-vp8: eb34c28f22e8b96e1ab97ce403110664 -> 
  custom:audio-decoder-ogg-vorbis: bf7c407c2cedff20999df2af8eb42d56 -> 
  custom:audio-encoder-webm-vorbis: bf7c407c2cedff20999df2af8eb42d56 -> 
  custom:scripting/precompiled-assembly-types:Assembly-CSharp: a3286e588f2185aeddb73539bbd7024c -> 5067eed19507e5c54d6876c6374cab8d
========================================================================
Received Prepare
Caller must complete domain reload
Begin MonoManager ReloadAssembly
- Loaded All Assemblies, in  0.638 seconds
Native extension for WindowsStandalone target not found
Mono: successfully reloaded assembly
- Finished resetting the current domain, in  2.192 seconds
Domain Reload Profiling: 2815ms
	BeginReloadAssembly (214ms)
		ExecutionOrderSort (0ms)
		DisableScriptedObjects (5ms)
		BackupInstance (0ms)
		ReleaseScriptingObjects (0ms)
		CreateAndSetChildDomain (41ms)
	RebuildCommonClasses (30ms)
	RebuildNativeTypeToScriptingClass (9ms)
	initialDomainReloadingComplete (46ms)
	LoadAllAssembliesAndSetupDomain (323ms)
		LoadAssemblies (425ms)
		RebuildTransferFunctionScriptingTraits (0ms)
		AnalyzeDomain (19ms)
			TypeCache.Refresh (6ms)
				TypeCache.ScanAssembly (0ms)
			ScanForSourceGeneratedMonoScriptInfo (0ms)
			ResolveRequiredComponents (11ms)
	FinalizeReload (2193ms)
		ReleaseScriptCaches (0ms)
		RebuildScriptCaches (0ms)
		SetupLoadedEditorAssemblies (810ms)
			LogAssemblyErrors (0ms)
			InitializePlatformSupportModulesInManaged (7ms)
			SetLoadedEditorAssemblies (4ms)
			RefreshPlugins (0ms)
			BeforeProcessingInitializeOnLoad (121ms)
			ProcessInitializeOnLoadAttributes (604ms)
			ProcessInitializeOnLoadMethodAttributes (55ms)
			AfterProcessingInitializeOnLoad (18ms)
			EditorAssembliesLoaded (0ms)
		ExecutionOrderSort2 (0ms)
		AwakeInstancesAfterBackupRestoration (25ms)
Refreshing native plugins compatible for Editor in 22.96 ms, found 3 plugins.
Preloading 0 native plugins for Editor in 0.00 ms.
Unloading 4946 Unused Serialized files (Serialized files now loaded: 0)
Unloading 20 unused Assets / (316.5 KB). Loaded Objects now: 6375.
Memory consumption went from 184.0 MB to 183.7 MB.
Total: 7.588800 ms (FindLiveObjects: 1.007900 ms CreateObjectMapping: 0.450700 ms MarkObjects: 5.971700 ms  DeleteObjects: 0.157200 ms)

Prepare: number of updated asset objects reloaded= 0
AssetImportParameters requested are different than current active one (requested -> active):
  custom:container-demuxer-ogg: 62fdf1f143b41e24485cea50d1cbac27 -> 
  custom:scripting/monoscript/fileName/GameManager.cs: 9933fbcc6190e2a9171c2ec8808a053e -> 
  custom:video-decoder-ogg-theora: a1e56fd34408186e4bbccfd4996cb3dc -> 
  custom:framework-win-MediaFoundation: 216162199b28c13a410421893ffa2e32 -> 
  custom:CustomObjectIndexerAttribute: 72b91833f83ae208fae7752999fa3104 -> 
  custom:container-demuxer-webm: 4f35f7cbe854078d1ac9338744f61a02 -> 
  custom:container-muxer-webm: aa71ff27fc2769a1b78a27578f13a17b -> 
  custom:video-decoder-webm-vp8: 9c59270c3fd7afecdb556c50c9e8de78 -> 
  custom:SearchIndexIgnoredProperties: e643bd26f0fe6173181afceb89e7c659 -> 
  custom:AudioImporter_EditorPlatform: d09bf68614088b80899f8185d706f6e7 -> 
  custom:video-encoder-webm-vp8: eb34c28f22e8b96e1ab97ce403110664 -> 
  custom:audio-decoder-ogg-vorbis: bf7c407c2cedff20999df2af8eb42d56 -> 
  custom:audio-encoder-webm-vorbis: bf7c407c2cedff20999df2af8eb42d56 -> 
  custom:scripting/precompiled-assembly-types:Assembly-CSharp: a3286e588f2185aeddb73539bbd7024c -> 5067eed19507e5c54d6876c6374cab8d
========================================================================
Received Import Request.
  Time since last request: 344.045777 seconds.
  path: Assets/Prefab/System/Tool.prefab
  artifactKey: Guid(14a7a30da4902354a9ffa43e9d7e3b64) Importer(815301076,1909f56bfc062723c751e8b465ee728b)
Start importing Assets/Prefab/System/Tool.prefab using Guid(14a7a30da4902354a9ffa43e9d7e3b64) Importer(815301076,1909f56bfc062723c751e8b465ee728b) [PhysX] Initialized MultithreadedTaskDispatcher with 16 workers.
 -> (artifact id: 'd1f1f8a151ce2ceca6758f5d35b21284') in 0.048865 seconds
Number of updated asset objects reloaded before import = 0
Number of asset objects unloaded after import = 218
========================================================================
Received Prepare
Caller must complete domain reload
Begin MonoManager ReloadAssembly
- Loaded All Assemblies, in  0.680 seconds
Native extension for WindowsStandalone target not found
Mono: successfully reloaded assembly
- Finished resetting the current domain, in  2.147 seconds
Domain Reload Profiling: 2812ms
	BeginReloadAssembly (212ms)
		ExecutionOrderSort (0ms)
		DisableScriptedObjects (6ms)
		BackupInstance (0ms)
		ReleaseScriptingObjects (0ms)
		CreateAndSetChildDomain (42ms)
	RebuildCommonClasses (31ms)
	RebuildNativeTypeToScriptingClass (10ms)
	initialDomainReloadingComplete (49ms)
	LoadAllAssembliesAndSetupDomain (362ms)
		LoadAssemblies (437ms)
		RebuildTransferFunctionScriptingTraits (0ms)
		AnalyzeDomain (42ms)
			TypeCache.Refresh (10ms)
				TypeCache.ScanAssembly (1ms)
			ScanForSourceGeneratedMonoScriptInfo (19ms)
			ResolveRequiredComponents (12ms)
	FinalizeReload (2148ms)
		ReleaseScriptCaches (0ms)
		RebuildScriptCaches (0ms)
		SetupLoadedEditorAssemblies (749ms)
			LogAssemblyErrors (0ms)
			InitializePlatformSupportModulesInManaged (7ms)
			SetLoadedEditorAssemblies (4ms)
			RefreshPlugins (0ms)
			BeforeProcessingInitializeOnLoad (114ms)
			ProcessInitializeOnLoadAttributes (558ms)
			ProcessInitializeOnLoadMethodAttributes (48ms)
			AfterProcessingInitializeOnLoad (18ms)
			EditorAssembliesLoaded (0ms)
		ExecutionOrderSort2 (0ms)
		AwakeInstancesAfterBackupRestoration (23ms)
Refreshing native plugins compatible for Editor in 23.49 ms, found 3 plugins.
Preloading 0 native plugins for Editor in 0.00 ms.
Unloading 4946 Unused Serialized files (Serialized files now loaded: 0)
Unloading 20 unused Assets / (316.5 KB). Loaded Objects now: 6379.
Memory consumption went from 184.0 MB to 183.7 MB.
Total: 4.315200 ms (FindLiveObjects: 0.483700 ms CreateObjectMapping: 0.330200 ms MarkObjects: 3.396000 ms  DeleteObjects: 0.104700 ms)

Prepare: number of updated asset objects reloaded= 0
AssetImportParameters requested are different than current active one (requested -> active):
  custom:container-demuxer-ogg: 62fdf1f143b41e24485cea50d1cbac27 -> 
  custom:scripting/monoscript/fileName/GameManager.cs: 9933fbcc6190e2a9171c2ec8808a053e -> 
  custom:video-decoder-ogg-theora: a1e56fd34408186e4bbccfd4996cb3dc -> 
  custom:framework-win-MediaFoundation: 216162199b28c13a410421893ffa2e32 -> 
  custom:CustomObjectIndexerAttribute: 72b91833f83ae208fae7752999fa3104 -> 
  custom:container-demuxer-webm: 4f35f7cbe854078d1ac9338744f61a02 -> 
  custom:container-muxer-webm: aa71ff27fc2769a1b78a27578f13a17b -> 
  custom:video-decoder-webm-vp8: 9c59270c3fd7afecdb556c50c9e8de78 -> 
  custom:SearchIndexIgnoredProperties: e643bd26f0fe6173181afceb89e7c659 -> 
  custom:AudioImporter_EditorPlatform: d09bf68614088b80899f8185d706f6e7 -> 
  custom:video-encoder-webm-vp8: eb34c28f22e8b96e1ab97ce403110664 -> 
  custom:audio-decoder-ogg-vorbis: bf7c407c2cedff20999df2af8eb42d56 -> 
  custom:audio-encoder-webm-vorbis: bf7c407c2cedff20999df2af8eb42d56 -> 
  custom:scripting/precompiled-assembly-types:Assembly-CSharp: a3286e588f2185aeddb73539bbd7024c -> 5067eed19507e5c54d6876c6374cab8d
========================================================================
Received Prepare
Caller must complete domain reload
Begin MonoManager ReloadAssembly
- Loaded All Assemblies, in  0.684 seconds
Native extension for WindowsStandalone target not found
Mono: successfully reloaded assembly
- Finished resetting the current domain, in  2.282 seconds
Domain Reload Profiling: 2952ms
	BeginReloadAssembly (229ms)
		ExecutionOrderSort (0ms)
		DisableScriptedObjects (5ms)
		BackupInstance (0ms)
		ReleaseScriptingObjects (1ms)
		CreateAndSetChildDomain (47ms)
	RebuildCommonClasses (30ms)
	RebuildNativeTypeToScriptingClass (9ms)
	initialDomainReloadingComplete (48ms)
	LoadAllAssembliesAndSetupDomain (353ms)
		LoadAssemblies (433ms)
		RebuildTransferFunctionScriptingTraits (0ms)
		AnalyzeDomain (41ms)
			TypeCache.Refresh (10ms)
				TypeCache.ScanAssembly (1ms)
			ScanForSourceGeneratedMonoScriptInfo (18ms)
			ResolveRequiredComponents (11ms)
	FinalizeReload (2282ms)
		ReleaseScriptCaches (0ms)
		RebuildScriptCaches (0ms)
		SetupLoadedEditorAssemblies (875ms)
			LogAssemblyErrors (0ms)
			InitializePlatformSupportModulesInManaged (8ms)
			SetLoadedEditorAssemblies (4ms)
			RefreshPlugins (0ms)
			BeforeProcessingInitializeOnLoad (134ms)
			ProcessInitializeOnLoadAttributes (654ms)
			ProcessInitializeOnLoadMethodAttributes (56ms)
			AfterProcessingInitializeOnLoad (19ms)
			EditorAssembliesLoaded (0ms)
		ExecutionOrderSort2 (0ms)
		AwakeInstancesAfterBackupRestoration (25ms)
Refreshing native plugins compatible for Editor in 21.18 ms, found 3 plugins.
Preloading 0 native plugins for Editor in 0.00 ms.
Unloading 4946 Unused Serialized files (Serialized files now loaded: 0)
Unloading 20 unused Assets / (316.1 KB). Loaded Objects now: 6383.
Memory consumption went from 184.0 MB to 183.7 MB.
Total: 4.515300 ms (FindLiveObjects: 0.515200 ms CreateObjectMapping: 0.189500 ms MarkObjects: 3.710200 ms  DeleteObjects: 0.099400 ms)

Prepare: number of updated asset objects reloaded= 0
AssetImportParameters requested are different than current active one (requested -> active):
  custom:container-demuxer-ogg: 62fdf1f143b41e24485cea50d1cbac27 -> 
  custom:scripting/monoscript/fileName/GameManager.cs: 9933fbcc6190e2a9171c2ec8808a053e -> 
  custom:video-decoder-ogg-theora: a1e56fd34408186e4bbccfd4996cb3dc -> 
  custom:framework-win-MediaFoundation: 216162199b28c13a410421893ffa2e32 -> 
  custom:CustomObjectIndexerAttribute: 72b91833f83ae208fae7752999fa3104 -> 
  custom:container-demuxer-webm: 4f35f7cbe854078d1ac9338744f61a02 -> 
  custom:container-muxer-webm: aa71ff27fc2769a1b78a27578f13a17b -> 
  custom:video-decoder-webm-vp8: 9c59270c3fd7afecdb556c50c9e8de78 -> 
  custom:SearchIndexIgnoredProperties: e643bd26f0fe6173181afceb89e7c659 -> 
  custom:AudioImporter_EditorPlatform: d09bf68614088b80899f8185d706f6e7 -> 
  custom:video-encoder-webm-vp8: eb34c28f22e8b96e1ab97ce403110664 -> 
  custom:audio-decoder-ogg-vorbis: bf7c407c2cedff20999df2af8eb42d56 -> 
  custom:audio-encoder-webm-vorbis: bf7c407c2cedff20999df2af8eb42d56 -> 
  custom:scripting/precompiled-assembly-types:Assembly-CSharp: a3286e588f2185aeddb73539bbd7024c -> 5067eed19507e5c54d6876c6374cab8d
========================================================================
Received Prepare
Caller must complete domain reload
Begin MonoManager ReloadAssembly
- Loaded All Assemblies, in  0.646 seconds
Native extension for WindowsStandalone target not found
Mono: successfully reloaded assembly
- Finished resetting the current domain, in  2.259 seconds
Domain Reload Profiling: 2890ms
	BeginReloadAssembly (208ms)
		ExecutionOrderSort (0ms)
		DisableScriptedObjects (5ms)
		BackupInstance (0ms)
		ReleaseScriptingObjects (0ms)
		CreateAndSetChildDomain (39ms)
	RebuildCommonClasses (31ms)
	RebuildNativeTypeToScriptingClass (9ms)
	initialDomainReloadingComplete (46ms)
	LoadAllAssembliesAndSetupDomain (335ms)
		LoadAssemblies (431ms)
		RebuildTransferFunctionScriptingTraits (0ms)
		AnalyzeDomain (21ms)
			TypeCache.Refresh (7ms)
				TypeCache.ScanAssembly (0ms)
			ScanForSourceGeneratedMonoScriptInfo (0ms)
			ResolveRequiredComponents (12ms)
	FinalizeReload (2260ms)
		ReleaseScriptCaches (0ms)
		RebuildScriptCaches (0ms)
		SetupLoadedEditorAssemblies (866ms)
			LogAssemblyErrors (0ms)
			InitializePlatformSupportModulesInManaged (7ms)
			SetLoadedEditorAssemblies (4ms)
			RefreshPlugins (0ms)
			BeforeProcessingInitializeOnLoad (126ms)
			ProcessInitializeOnLoadAttributes (649ms)
			ProcessInitializeOnLoadMethodAttributes (57ms)
			AfterProcessingInitializeOnLoad (24ms)
			EditorAssembliesLoaded (0ms)
		ExecutionOrderSort2 (0ms)
		AwakeInstancesAfterBackupRestoration (24ms)
Refreshing native plugins compatible for Editor in 21.33 ms, found 3 plugins.
Preloading 0 native plugins for Editor in 0.00 ms.
Unloading 4946 Unused Serialized files (Serialized files now loaded: 0)
Unloading 20 unused Assets / (318.2 KB). Loaded Objects now: 6387.
Memory consumption went from 184.0 MB to 183.7 MB.
Total: 4.876600 ms (FindLiveObjects: 0.504500 ms CreateObjectMapping: 0.414200 ms MarkObjects: 3.769900 ms  DeleteObjects: 0.186900 ms)

Prepare: number of updated asset objects reloaded= 0
AssetImportParameters requested are different than current active one (requested -> active):
  custom:container-demuxer-ogg: 62fdf1f143b41e24485cea50d1cbac27 -> 
  custom:scripting/monoscript/fileName/GameManager.cs: 9933fbcc6190e2a9171c2ec8808a053e -> 
  custom:video-decoder-ogg-theora: a1e56fd34408186e4bbccfd4996cb3dc -> 
  custom:framework-win-MediaFoundation: 216162199b28c13a410421893ffa2e32 -> 
  custom:CustomObjectIndexerAttribute: 72b91833f83ae208fae7752999fa3104 -> 
  custom:container-demuxer-webm: 4f35f7cbe854078d1ac9338744f61a02 -> 
  custom:container-muxer-webm: aa71ff27fc2769a1b78a27578f13a17b -> 
  custom:video-decoder-webm-vp8: 9c59270c3fd7afecdb556c50c9e8de78 -> 
  custom:SearchIndexIgnoredProperties: e643bd26f0fe6173181afceb89e7c659 -> 
  custom:AudioImporter_EditorPlatform: d09bf68614088b80899f8185d706f6e7 -> 
  custom:video-encoder-webm-vp8: eb34c28f22e8b96e1ab97ce403110664 -> 
  custom:audio-decoder-ogg-vorbis: bf7c407c2cedff20999df2af8eb42d56 -> 
  custom:audio-encoder-webm-vorbis: bf7c407c2cedff20999df2af8eb42d56 -> 
  custom:scripting/precompiled-assembly-types:Assembly-CSharp: a3286e588f2185aeddb73539bbd7024c -> 5067eed19507e5c54d6876c6374cab8d
========================================================================
Received Import Request.
  Time since last request: 154.879776 seconds.
  path: Assets/Prefab/System/Tool.prefab
  artifactKey: Guid(14a7a30da4902354a9ffa43e9d7e3b64) Importer(815301076,1909f56bfc062723c751e8b465ee728b)
Start importing Assets/Prefab/System/Tool.prefab using Guid(14a7a30da4902354a9ffa43e9d7e3b64) Importer(815301076,1909f56bfc062723c751e8b465ee728b) [PhysX] Initialized MultithreadedTaskDispatcher with 16 workers.
 -> (artifact id: '00000000000000000000000000000000') in 0.040152 seconds
Import Error Code:(4)
Message: Build asset version error: assets/prefab/system/tool.prefab in SourceAssetDB has modification time of '2025-05-15T03:55:57.6813139Z' while content on disk has modification time of '2025-05-15T03:55:58.3354468Z'
  ERROR: Build asset version error: assets/prefab/system/tool.prefab in SourceAssetDB has modification time of '2025-05-15T03:55:57.6813139Z' while content on disk has modification time of '2025-05-15T03:55:58.3354468Z'
Number of updated asset objects reloaded before import = 0
Number of asset objects unloaded after import = 4
========================================================================
Received Import Request.
  Time since last request: 0.524629 seconds.
  path: Assets/Prefab/System/Tool.prefab
  artifactKey: Guid(14a7a30da4902354a9ffa43e9d7e3b64) Importer(815301076,1909f56bfc062723c751e8b465ee728b)
Start importing Assets/Prefab/System/Tool.prefab using Guid(14a7a30da4902354a9ffa43e9d7e3b64) Importer(815301076,1909f56bfc062723c751e8b465ee728b) [PhysX] Initialized MultithreadedTaskDispatcher with 16 workers.
 -> (artifact id: '4927df95364d4216b5a102405ae79cb2') in 0.003148 seconds
Number of updated asset objects reloaded before import = 0
Number of asset objects unloaded after import = 24
========================================================================
Received Import Request.
  Time since last request: 0.526185 seconds.
  path: Assets/Prefab/System/Tool.prefab
  artifactKey: Guid(14a7a30da4902354a9ffa43e9d7e3b64) Importer(815301076,1909f56bfc062723c751e8b465ee728b)
Start importing Assets/Prefab/System/Tool.prefab using Guid(14a7a30da4902354a9ffa43e9d7e3b64) Importer(815301076,1909f56bfc062723c751e8b465ee728b) [PhysX] Initialized MultithreadedTaskDispatcher with 16 workers.
 -> (artifact id: '86a59c2e4cd391861779f658081b03b0') in 0.003248 seconds
Number of updated asset objects reloaded before import = 0
Number of asset objects unloaded after import = 24
========================================================================
Received Import Request.
  Time since last request: 1.824454 seconds.
  path: Assets/Prefab/System/Tool.prefab
  artifactKey: Guid(14a7a30da4902354a9ffa43e9d7e3b64) Importer(815301076,1909f56bfc062723c751e8b465ee728b)
Start importing Assets/Prefab/System/Tool.prefab using Guid(14a7a30da4902354a9ffa43e9d7e3b64) Importer(815301076,1909f56bfc062723c751e8b465ee728b) [PhysX] Initialized MultithreadedTaskDispatcher with 16 workers.
 -> (artifact id: 'e25a68f2135d8d7837e69907515751a8') in 0.003221 seconds
Number of updated asset objects reloaded before import = 0
Number of asset objects unloaded after import = 24
========================================================================
Received Import Request.
  Time since last request: 13.937815 seconds.
  path: Assets/Prefab/System/Tool.prefab
  artifactKey: Guid(14a7a30da4902354a9ffa43e9d7e3b64) Importer(815301076,1909f56bfc062723c751e8b465ee728b)
Start importing Assets/Prefab/System/Tool.prefab using Guid(14a7a30da4902354a9ffa43e9d7e3b64) Importer(815301076,1909f56bfc062723c751e8b465ee728b) [PhysX] Initialized MultithreadedTaskDispatcher with 16 workers.
 -> (artifact id: 'b96d63d349d30f7ad1ec63b309c1a133') in 0.003438 seconds
Number of updated asset objects reloaded before import = 0
Number of asset objects unloaded after import = 24
========================================================================
Received Prepare
Caller must complete domain reload
Begin MonoManager ReloadAssembly
- Loaded All Assemblies, in  0.706 seconds
Native extension for WindowsStandalone target not found
Mono: successfully reloaded assembly
- Finished resetting the current domain, in  2.245 seconds
Domain Reload Profiling: 2935ms
	BeginReloadAssembly (213ms)
		ExecutionOrderSort (0ms)
		DisableScriptedObjects (5ms)
		BackupInstance (0ms)
		ReleaseScriptingObjects (0ms)
		CreateAndSetChildDomain (44ms)
	RebuildCommonClasses (30ms)
	RebuildNativeTypeToScriptingClass (9ms)
	initialDomainReloadingComplete (51ms)
	LoadAllAssembliesAndSetupDomain (387ms)
		LoadAssemblies (458ms)
		RebuildTransferFunctionScriptingTraits (0ms)
		AnalyzeDomain (47ms)
			TypeCache.Refresh (10ms)
				TypeCache.ScanAssembly (1ms)
			ScanForSourceGeneratedMonoScriptInfo (24ms)
			ResolveRequiredComponents (11ms)
	FinalizeReload (2246ms)
		ReleaseScriptCaches (0ms)
		RebuildScriptCaches (0ms)
		SetupLoadedEditorAssemblies (817ms)
			LogAssemblyErrors (0ms)
			InitializePlatformSupportModulesInManaged (7ms)
			SetLoadedEditorAssemblies (4ms)
			RefreshPlugins (0ms)
			BeforeProcessingInitializeOnLoad (131ms)
			ProcessInitializeOnLoadAttributes (606ms)
			ProcessInitializeOnLoadMethodAttributes (50ms)
			AfterProcessingInitializeOnLoad (19ms)
			EditorAssembliesLoaded (0ms)
		ExecutionOrderSort2 (0ms)
		AwakeInstancesAfterBackupRestoration (24ms)
Refreshing native plugins compatible for Editor in 24.86 ms, found 3 plugins.
Preloading 0 native plugins for Editor in 0.00 ms.
Unloading 4946 Unused Serialized files (Serialized files now loaded: 0)
Unloading 20 unused Assets / (316.1 KB). Loaded Objects now: 6391.
Memory consumption went from 184.0 MB to 183.7 MB.
Total: 8.807200 ms (FindLiveObjects: 1.235700 ms CreateObjectMapping: 0.672400 ms MarkObjects: 6.719500 ms  DeleteObjects: 0.178100 ms)

Prepare: number of updated asset objects reloaded= 0
AssetImportParameters requested are different than current active one (requested -> active):
  custom:container-demuxer-ogg: 62fdf1f143b41e24485cea50d1cbac27 -> 
  custom:scripting/monoscript/fileName/GameManager.cs: 9933fbcc6190e2a9171c2ec8808a053e -> 
  custom:video-decoder-ogg-theora: a1e56fd34408186e4bbccfd4996cb3dc -> 
  custom:framework-win-MediaFoundation: 216162199b28c13a410421893ffa2e32 -> 
  custom:CustomObjectIndexerAttribute: 72b91833f83ae208fae7752999fa3104 -> 
  custom:container-demuxer-webm: 4f35f7cbe854078d1ac9338744f61a02 -> 
  custom:container-muxer-webm: aa71ff27fc2769a1b78a27578f13a17b -> 
  custom:video-decoder-webm-vp8: 9c59270c3fd7afecdb556c50c9e8de78 -> 
  custom:SearchIndexIgnoredProperties: e643bd26f0fe6173181afceb89e7c659 -> 
  custom:AudioImporter_EditorPlatform: d09bf68614088b80899f8185d706f6e7 -> 
  custom:video-encoder-webm-vp8: eb34c28f22e8b96e1ab97ce403110664 -> 
  custom:audio-decoder-ogg-vorbis: bf7c407c2cedff20999df2af8eb42d56 -> 
  custom:audio-encoder-webm-vorbis: bf7c407c2cedff20999df2af8eb42d56 -> 
  custom:scripting/precompiled-assembly-types:Assembly-CSharp: a3286e588f2185aeddb73539bbd7024c -> 5067eed19507e5c54d6876c6374cab8d
========================================================================
Received Prepare
Caller must complete domain reload
Begin MonoManager ReloadAssembly
- Loaded All Assemblies, in  0.662 seconds
Native extension for WindowsStandalone target not found
Mono: successfully reloaded assembly
- Finished resetting the current domain, in  2.302 seconds
Domain Reload Profiling: 2951ms
	BeginReloadAssembly (207ms)
		ExecutionOrderSort (0ms)
		DisableScriptedObjects (5ms)
		BackupInstance (0ms)
		ReleaseScriptingObjects (0ms)
		CreateAndSetChildDomain (40ms)
	RebuildCommonClasses (31ms)
	RebuildNativeTypeToScriptingClass (9ms)
	initialDomainReloadingComplete (50ms)
	LoadAllAssembliesAndSetupDomain (352ms)
		LoadAssemblies (442ms)
		RebuildTransferFunctionScriptingTraits (0ms)
		AnalyzeDomain (22ms)
			TypeCache.Refresh (6ms)
				TypeCache.ScanAssembly (0ms)
			ScanForSourceGeneratedMonoScriptInfo (0ms)
			ResolveRequiredComponents (13ms)
	FinalizeReload (2303ms)
		ReleaseScriptCaches (0ms)
		RebuildScriptCaches (0ms)
		SetupLoadedEditorAssemblies (846ms)
			LogAssemblyErrors (0ms)
			InitializePlatformSupportModulesInManaged (7ms)
			SetLoadedEditorAssemblies (4ms)
			RefreshPlugins (0ms)
			BeforeProcessingInitializeOnLoad (125ms)
			ProcessInitializeOnLoadAttributes (639ms)
			ProcessInitializeOnLoadMethodAttributes (53ms)
			AfterProcessingInitializeOnLoad (18ms)
			EditorAssembliesLoaded (0ms)
		ExecutionOrderSort2 (0ms)
		AwakeInstancesAfterBackupRestoration (25ms)
Refreshing native plugins compatible for Editor in 22.35 ms, found 3 plugins.
Preloading 0 native plugins for Editor in 0.00 ms.
Unloading 4946 Unused Serialized files (Serialized files now loaded: 0)
Unloading 20 unused Assets / (316.1 KB). Loaded Objects now: 6395.
Memory consumption went from 184.0 MB to 183.7 MB.
Total: 4.810500 ms (FindLiveObjects: 0.520700 ms CreateObjectMapping: 0.346800 ms MarkObjects: 3.833600 ms  DeleteObjects: 0.108600 ms)

Prepare: number of updated asset objects reloaded= 0
AssetImportParameters requested are different than current active one (requested -> active):
  custom:container-demuxer-ogg: 62fdf1f143b41e24485cea50d1cbac27 -> 
  custom:scripting/monoscript/fileName/GameManager.cs: 9933fbcc6190e2a9171c2ec8808a053e -> 
  custom:video-decoder-ogg-theora: a1e56fd34408186e4bbccfd4996cb3dc -> 
  custom:framework-win-MediaFoundation: 216162199b28c13a410421893ffa2e32 -> 
  custom:CustomObjectIndexerAttribute: 72b91833f83ae208fae7752999fa3104 -> 
  custom:container-demuxer-webm: 4f35f7cbe854078d1ac9338744f61a02 -> 
  custom:container-muxer-webm: aa71ff27fc2769a1b78a27578f13a17b -> 
  custom:video-decoder-webm-vp8: 9c59270c3fd7afecdb556c50c9e8de78 -> 
  custom:SearchIndexIgnoredProperties: e643bd26f0fe6173181afceb89e7c659 -> 
  custom:AudioImporter_EditorPlatform: d09bf68614088b80899f8185d706f6e7 -> 
  custom:video-encoder-webm-vp8: eb34c28f22e8b96e1ab97ce403110664 -> 
  custom:audio-decoder-ogg-vorbis: bf7c407c2cedff20999df2af8eb42d56 -> 
  custom:audio-encoder-webm-vorbis: bf7c407c2cedff20999df2af8eb42d56 -> 
  custom:scripting/precompiled-assembly-types:Assembly-CSharp: a3286e588f2185aeddb73539bbd7024c -> 5067eed19507e5c54d6876c6374cab8d
========================================================================
Received Import Request.
  Time since last request: 39.682605 seconds.
  path: Assets/Prefab/System/Tool.prefab
  artifactKey: Guid(14a7a30da4902354a9ffa43e9d7e3b64) Importer(815301076,1909f56bfc062723c751e8b465ee728b)
Start importing Assets/Prefab/System/Tool.prefab using Guid(14a7a30da4902354a9ffa43e9d7e3b64) Importer(815301076,1909f56bfc062723c751e8b465ee728b) [PhysX] Initialized MultithreadedTaskDispatcher with 16 workers.
 -> (artifact id: '0eb1df64d6c3f55293331dcbe0ca619d') in 0.035100 seconds
Number of updated asset objects reloaded before import = 0
Number of asset objects unloaded after import = 24
========================================================================
Received Import Request.
  Time since last request: 1.049446 seconds.
  path: Assets/Prefab/System/Tool.prefab
  artifactKey: Guid(14a7a30da4902354a9ffa43e9d7e3b64) Importer(815301076,1909f56bfc062723c751e8b465ee728b)
Start importing Assets/Prefab/System/Tool.prefab using Guid(14a7a30da4902354a9ffa43e9d7e3b64) Importer(815301076,1909f56bfc062723c751e8b465ee728b) [PhysX] Initialized MultithreadedTaskDispatcher with 16 workers.
 -> (artifact id: '0b721786fa79e51f0454fc9c941dfa56') in 0.003676 seconds
Number of updated asset objects reloaded before import = 0
Number of asset objects unloaded after import = 24
========================================================================
Received Import Request.
  Time since last request: 3.987450 seconds.
  path: Assets/Prefab/System/Tool.prefab
  artifactKey: Guid(14a7a30da4902354a9ffa43e9d7e3b64) Importer(815301076,1909f56bfc062723c751e8b465ee728b)
Start importing Assets/Prefab/System/Tool.prefab using Guid(14a7a30da4902354a9ffa43e9d7e3b64) Importer(815301076,1909f56bfc062723c751e8b465ee728b) [PhysX] Initialized MultithreadedTaskDispatcher with 16 workers.
 -> (artifact id: '6d4f02cd56709f5d469a6de64f2f32d5') in 0.004169 seconds
Number of updated asset objects reloaded before import = 0
Number of asset objects unloaded after import = 24
========================================================================
Received Import Request.
  Time since last request: 9.017326 seconds.
  path: Assets/Prefab/System/Tool.prefab
  artifactKey: Guid(14a7a30da4902354a9ffa43e9d7e3b64) Importer(815301076,1909f56bfc062723c751e8b465ee728b)
Start importing Assets/Prefab/System/Tool.prefab using Guid(14a7a30da4902354a9ffa43e9d7e3b64) Importer(815301076,1909f56bfc062723c751e8b465ee728b) [PhysX] Initialized MultithreadedTaskDispatcher with 16 workers.
 -> (artifact id: '642003bcc83f0e9e5cfcd667b821844a') in 0.003137 seconds
Number of updated asset objects reloaded before import = 0
Number of asset objects unloaded after import = 24
========================================================================
Received Import Request.
  Time since last request: 0.706724 seconds.
  path: Assets/Prefab/System/Tool.prefab
  artifactKey: Guid(14a7a30da4902354a9ffa43e9d7e3b64) Importer(815301076,1909f56bfc062723c751e8b465ee728b)
Start importing Assets/Prefab/System/Tool.prefab using Guid(14a7a30da4902354a9ffa43e9d7e3b64) Importer(815301076,1909f56bfc062723c751e8b465ee728b) [PhysX] Initialized MultithreadedTaskDispatcher with 16 workers.
 -> (artifact id: '894d69189798a219ebea55fe67fde6fe') in 0.003493 seconds
Number of updated asset objects reloaded before import = 0
Number of asset objects unloaded after import = 24
========================================================================
Received Prepare
Caller must complete domain reload
Begin MonoManager ReloadAssembly
- Loaded All Assemblies, in  0.776 seconds
Native extension for WindowsStandalone target not found
Mono: successfully reloaded assembly
- Finished resetting the current domain, in  2.641 seconds
Domain Reload Profiling: 3403ms
	BeginReloadAssembly (240ms)
		ExecutionOrderSort (0ms)
		DisableScriptedObjects (5ms)
		BackupInstance (0ms)
		ReleaseScriptingObjects (0ms)
		CreateAndSetChildDomain (53ms)
	RebuildCommonClasses (41ms)
	RebuildNativeTypeToScriptingClass (10ms)
	initialDomainReloadingComplete (57ms)
	LoadAllAssembliesAndSetupDomain (412ms)
		LoadAssemblies (490ms)
		RebuildTransferFunctionScriptingTraits (0ms)
		AnalyzeDomain (51ms)
			TypeCache.Refresh (14ms)
				TypeCache.ScanAssembly (2ms)
			ScanForSourceGeneratedMonoScriptInfo (24ms)
			ResolveRequiredComponents (11ms)
	FinalizeReload (2642ms)
		ReleaseScriptCaches (0ms)
		RebuildScriptCaches (0ms)
		SetupLoadedEditorAssemblies (1049ms)
			LogAssemblyErrors (0ms)
			InitializePlatformSupportModulesInManaged (11ms)
			SetLoadedEditorAssemblies (5ms)
			RefreshPlugins (0ms)
			BeforeProcessingInitializeOnLoad (154ms)
			ProcessInitializeOnLoadAttributes (785ms)
			ProcessInitializeOnLoadMethodAttributes (71ms)
			AfterProcessingInitializeOnLoad (22ms)
			EditorAssembliesLoaded (0ms)
		ExecutionOrderSort2 (0ms)
		AwakeInstancesAfterBackupRestoration (34ms)
Refreshing native plugins compatible for Editor in 30.38 ms, found 3 plugins.
Preloading 0 native plugins for Editor in 0.00 ms.
Unloading 4946 Unused Serialized files (Serialized files now loaded: 0)
Unloading 20 unused Assets / (316.5 KB). Loaded Objects now: 6399.
Memory consumption went from 184.0 MB to 183.7 MB.
Total: 5.455500 ms (FindLiveObjects: 0.848000 ms CreateObjectMapping: 0.504900 ms MarkObjects: 3.967300 ms  DeleteObjects: 0.134000 ms)

Prepare: number of updated asset objects reloaded= 0
AssetImportParameters requested are different than current active one (requested -> active):
  custom:container-demuxer-ogg: 62fdf1f143b41e24485cea50d1cbac27 -> 
  custom:scripting/monoscript/fileName/GameManager.cs: 9933fbcc6190e2a9171c2ec8808a053e -> 
  custom:video-decoder-ogg-theora: a1e56fd34408186e4bbccfd4996cb3dc -> 
  custom:framework-win-MediaFoundation: 216162199b28c13a410421893ffa2e32 -> 
  custom:CustomObjectIndexerAttribute: 72b91833f83ae208fae7752999fa3104 -> 
  custom:container-demuxer-webm: 4f35f7cbe854078d1ac9338744f61a02 -> 
  custom:container-muxer-webm: aa71ff27fc2769a1b78a27578f13a17b -> 
  custom:video-decoder-webm-vp8: 9c59270c3fd7afecdb556c50c9e8de78 -> 
  custom:SearchIndexIgnoredProperties: e643bd26f0fe6173181afceb89e7c659 -> 
  custom:AudioImporter_EditorPlatform: d09bf68614088b80899f8185d706f6e7 -> 
  custom:video-encoder-webm-vp8: eb34c28f22e8b96e1ab97ce403110664 -> 
  custom:audio-decoder-ogg-vorbis: bf7c407c2cedff20999df2af8eb42d56 -> 
  custom:audio-encoder-webm-vorbis: bf7c407c2cedff20999df2af8eb42d56 -> 
  custom:scripting/precompiled-assembly-types:Assembly-CSharp: a3286e588f2185aeddb73539bbd7024c -> 5067eed19507e5c54d6876c6374cab8d
========================================================================
Received Import Request.
  Time since last request: 183.079071 seconds.
  path: Assets/Prefab/System/Tool.prefab
  artifactKey: Guid(14a7a30da4902354a9ffa43e9d7e3b64) Importer(815301076,1909f56bfc062723c751e8b465ee728b)
Start importing Assets/Prefab/System/Tool.prefab using Guid(14a7a30da4902354a9ffa43e9d7e3b64) Importer(815301076,1909f56bfc062723c751e8b465ee728b) [PhysX] Initialized MultithreadedTaskDispatcher with 16 workers.
 -> (artifact id: 'cae3b94db9509b51312c6815d6e1279b') in 0.039209 seconds
Number of updated asset objects reloaded before import = 0
Number of asset objects unloaded after import = 24
========================================================================
Received Import Request.
  Time since last request: 1.282979 seconds.
  path: Assets/Prefab/System/Tool.prefab
  artifactKey: Guid(14a7a30da4902354a9ffa43e9d7e3b64) Importer(815301076,1909f56bfc062723c751e8b465ee728b)
Start importing Assets/Prefab/System/Tool.prefab using Guid(14a7a30da4902354a9ffa43e9d7e3b64) Importer(815301076,1909f56bfc062723c751e8b465ee728b) [PhysX] Initialized MultithreadedTaskDispatcher with 16 workers.
 -> (artifact id: 'd1e2e6aa9d0e0933f0644988128f21a2') in 0.003289 seconds
Number of updated asset objects reloaded before import = 0
Number of asset objects unloaded after import = 24
========================================================================
Received Prepare
Caller must complete domain reload
Begin MonoManager ReloadAssembly
- Loaded All Assemblies, in  0.706 seconds
Native extension for WindowsStandalone target not found
Mono: successfully reloaded assembly
- Finished resetting the current domain, in  2.270 seconds
Domain Reload Profiling: 2961ms
	BeginReloadAssembly (215ms)
		ExecutionOrderSort (0ms)
		DisableScriptedObjects (5ms)
		BackupInstance (0ms)
		ReleaseScriptingObjects (0ms)
		CreateAndSetChildDomain (45ms)
	RebuildCommonClasses (30ms)
	RebuildNativeTypeToScriptingClass (9ms)
	initialDomainReloadingComplete (51ms)
	LoadAllAssembliesAndSetupDomain (385ms)
		LoadAssemblies (483ms)
		RebuildTransferFunctionScriptingTraits (0ms)
		AnalyzeDomain (20ms)
			TypeCache.Refresh (6ms)
				TypeCache.ScanAssembly (0ms)
			ScanForSourceGeneratedMonoScriptInfo (0ms)
			ResolveRequiredComponents (12ms)
	FinalizeReload (2270ms)
		ReleaseScriptCaches (0ms)
		RebuildScriptCaches (0ms)
		SetupLoadedEditorAssemblies (844ms)
			LogAssemblyErrors (0ms)
			InitializePlatformSupportModulesInManaged (7ms)
			SetLoadedEditorAssemblies (4ms)
			RefreshPlugins (0ms)
			BeforeProcessingInitializeOnLoad (127ms)
			ProcessInitializeOnLoadAttributes (629ms)
			ProcessInitializeOnLoadMethodAttributes (55ms)
			AfterProcessingInitializeOnLoad (21ms)
			EditorAssembliesLoaded (0ms)
		ExecutionOrderSort2 (0ms)
		AwakeInstancesAfterBackupRestoration (25ms)
Refreshing native plugins compatible for Editor in 21.14 ms, found 3 plugins.
Preloading 0 native plugins for Editor in 0.00 ms.
Unloading 4946 Unused Serialized files (Serialized files now loaded: 0)
Unloading 20 unused Assets / (316.5 KB). Loaded Objects now: 6403.
Memory consumption went from 184.0 MB to 183.7 MB.
Total: 4.814500 ms (FindLiveObjects: 0.652000 ms CreateObjectMapping: 0.425800 ms MarkObjects: 3.572900 ms  DeleteObjects: 0.162900 ms)

Prepare: number of updated asset objects reloaded= 0
AssetImportParameters requested are different than current active one (requested -> active):
  custom:container-demuxer-ogg: 62fdf1f143b41e24485cea50d1cbac27 -> 
  custom:scripting/monoscript/fileName/GameManager.cs: 9933fbcc6190e2a9171c2ec8808a053e -> 
  custom:video-decoder-ogg-theora: a1e56fd34408186e4bbccfd4996cb3dc -> 
  custom:framework-win-MediaFoundation: 216162199b28c13a410421893ffa2e32 -> 
  custom:CustomObjectIndexerAttribute: 72b91833f83ae208fae7752999fa3104 -> 
  custom:container-demuxer-webm: 4f35f7cbe854078d1ac9338744f61a02 -> 
  custom:container-muxer-webm: aa71ff27fc2769a1b78a27578f13a17b -> 
  custom:video-decoder-webm-vp8: 9c59270c3fd7afecdb556c50c9e8de78 -> 
  custom:SearchIndexIgnoredProperties: e643bd26f0fe6173181afceb89e7c659 -> 
  custom:AudioImporter_EditorPlatform: d09bf68614088b80899f8185d706f6e7 -> 
  custom:video-encoder-webm-vp8: eb34c28f22e8b96e1ab97ce403110664 -> 
  custom:audio-decoder-ogg-vorbis: bf7c407c2cedff20999df2af8eb42d56 -> 
  custom:audio-encoder-webm-vorbis: bf7c407c2cedff20999df2af8eb42d56 -> 
  custom:scripting/precompiled-assembly-types:Assembly-CSharp: a3286e588f2185aeddb73539bbd7024c -> 5067eed19507e5c54d6876c6374cab8d
========================================================================
Received Prepare
Caller must complete domain reload
Begin MonoManager ReloadAssembly
- Loaded All Assemblies, in  0.910 seconds
Native extension for WindowsStandalone target not found
Mono: successfully reloaded assembly
- Finished resetting the current domain, in  2.689 seconds
Domain Reload Profiling: 3583ms
	BeginReloadAssembly (239ms)
		ExecutionOrderSort (0ms)
		DisableScriptedObjects (6ms)
		BackupInstance (0ms)
		ReleaseScriptingObjects (0ms)
		CreateAndSetChildDomain (51ms)
	RebuildCommonClasses (32ms)
	RebuildNativeTypeToScriptingClass (10ms)
	initialDomainReloadingComplete (57ms)
	LoadAllAssembliesAndSetupDomain (556ms)
		LoadAssemblies (630ms)
		RebuildTransferFunctionScriptingTraits (0ms)
		AnalyzeDomain (56ms)
			TypeCache.Refresh (15ms)
				TypeCache.ScanAssembly (3ms)
			ScanForSourceGeneratedMonoScriptInfo (27ms)
			ResolveRequiredComponents (12ms)
	FinalizeReload (2690ms)
		ReleaseScriptCaches (0ms)
		RebuildScriptCaches (0ms)
		SetupLoadedEditorAssemblies (965ms)
			LogAssemblyErrors (0ms)
			InitializePlatformSupportModulesInManaged (11ms)
			SetLoadedEditorAssemblies (6ms)
			RefreshPlugins (0ms)
			BeforeProcessingInitializeOnLoad (154ms)
			ProcessInitializeOnLoadAttributes (707ms)
			ProcessInitializeOnLoadMethodAttributes (65ms)
			AfterProcessingInitializeOnLoad (22ms)
			EditorAssembliesLoaded (0ms)
		ExecutionOrderSort2 (0ms)
		AwakeInstancesAfterBackupRestoration (33ms)
Refreshing native plugins compatible for Editor in 28.95 ms, found 3 plugins.
Preloading 0 native plugins for Editor in 0.00 ms.
Unloading 4946 Unused Serialized files (Serialized files now loaded: 0)
Unloading 20 unused Assets / (316.1 KB). Loaded Objects now: 6407.
Memory consumption went from 184.5 MB to 184.2 MB.
Total: 9.449100 ms (FindLiveObjects: 1.419700 ms CreateObjectMapping: 0.695800 ms MarkObjects: 7.071100 ms  DeleteObjects: 0.260300 ms)

Prepare: number of updated asset objects reloaded= 0
AssetImportParameters requested are different than current active one (requested -> active):
  custom:container-demuxer-ogg: 62fdf1f143b41e24485cea50d1cbac27 -> 
  custom:scripting/monoscript/fileName/GameManager.cs: 9933fbcc6190e2a9171c2ec8808a053e -> 
  custom:video-decoder-ogg-theora: a1e56fd34408186e4bbccfd4996cb3dc -> 
  custom:framework-win-MediaFoundation: 216162199b28c13a410421893ffa2e32 -> 
  custom:CustomObjectIndexerAttribute: 72b91833f83ae208fae7752999fa3104 -> 
  custom:container-demuxer-webm: 4f35f7cbe854078d1ac9338744f61a02 -> 
  custom:container-muxer-webm: aa71ff27fc2769a1b78a27578f13a17b -> 
  custom:video-decoder-webm-vp8: 9c59270c3fd7afecdb556c50c9e8de78 -> 
  custom:SearchIndexIgnoredProperties: e643bd26f0fe6173181afceb89e7c659 -> 
  custom:AudioImporter_EditorPlatform: d09bf68614088b80899f8185d706f6e7 -> 
  custom:video-encoder-webm-vp8: eb34c28f22e8b96e1ab97ce403110664 -> 
  custom:audio-decoder-ogg-vorbis: bf7c407c2cedff20999df2af8eb42d56 -> 
  custom:audio-encoder-webm-vorbis: bf7c407c2cedff20999df2af8eb42d56 -> 
  custom:scripting/precompiled-assembly-types:Assembly-CSharp: a3286e588f2185aeddb73539bbd7024c -> 5067eed19507e5c54d6876c6374cab8d
========================================================================
Received Prepare
Caller must complete domain reload
Begin MonoManager ReloadAssembly
- Loaded All Assemblies, in  0.689 seconds
Native extension for WindowsStandalone target not found
Mono: successfully reloaded assembly
- Finished resetting the current domain, in  2.215 seconds
Domain Reload Profiling: 2890ms
	BeginReloadAssembly (220ms)
		ExecutionOrderSort (0ms)
		DisableScriptedObjects (5ms)
		BackupInstance (0ms)
		ReleaseScriptingObjects (0ms)
		CreateAndSetChildDomain (44ms)
	RebuildCommonClasses (32ms)
	RebuildNativeTypeToScriptingClass (10ms)
	initialDomainReloadingComplete (49ms)
	LoadAllAssembliesAndSetupDomain (363ms)
		LoadAssemblies (435ms)
		RebuildTransferFunctionScriptingTraits (0ms)
		AnalyzeDomain (46ms)
			TypeCache.Refresh (14ms)
				TypeCache.ScanAssembly (3ms)
			ScanForSourceGeneratedMonoScriptInfo (20ms)
			ResolveRequiredComponents (11ms)
	FinalizeReload (2215ms)
		ReleaseScriptCaches (0ms)
		RebuildScriptCaches (0ms)
		SetupLoadedEditorAssemblies (813ms)
			LogAssemblyErrors (0ms)
			InitializePlatformSupportModulesInManaged (8ms)
			SetLoadedEditorAssemblies (4ms)
			RefreshPlugins (0ms)
			BeforeProcessingInitializeOnLoad (129ms)
			ProcessInitializeOnLoadAttributes (603ms)
			ProcessInitializeOnLoadMethodAttributes (51ms)
			AfterProcessingInitializeOnLoad (18ms)
			EditorAssembliesLoaded (0ms)
		ExecutionOrderSort2 (0ms)
		AwakeInstancesAfterBackupRestoration (23ms)
Refreshing native plugins compatible for Editor in 21.27 ms, found 3 plugins.
Preloading 0 native plugins for Editor in 0.00 ms.
Unloading 4946 Unused Serialized files (Serialized files now loaded: 0)
Unloading 20 unused Assets / (316.6 KB). Loaded Objects now: 6411.
Memory consumption went from 184.5 MB to 184.2 MB.
Total: 4.451500 ms (FindLiveObjects: 0.500800 ms CreateObjectMapping: 0.377500 ms MarkObjects: 3.473400 ms  DeleteObjects: 0.098900 ms)

Prepare: number of updated asset objects reloaded= 0
AssetImportParameters requested are different than current active one (requested -> active):
  custom:container-demuxer-ogg: 62fdf1f143b41e24485cea50d1cbac27 -> 
  custom:scripting/monoscript/fileName/GameManager.cs: 9933fbcc6190e2a9171c2ec8808a053e -> 
  custom:video-decoder-ogg-theora: a1e56fd34408186e4bbccfd4996cb3dc -> 
  custom:framework-win-MediaFoundation: 216162199b28c13a410421893ffa2e32 -> 
  custom:CustomObjectIndexerAttribute: 72b91833f83ae208fae7752999fa3104 -> 
  custom:container-demuxer-webm: 4f35f7cbe854078d1ac9338744f61a02 -> 
  custom:container-muxer-webm: aa71ff27fc2769a1b78a27578f13a17b -> 
  custom:video-decoder-webm-vp8: 9c59270c3fd7afecdb556c50c9e8de78 -> 
  custom:SearchIndexIgnoredProperties: e643bd26f0fe6173181afceb89e7c659 -> 
  custom:AudioImporter_EditorPlatform: d09bf68614088b80899f8185d706f6e7 -> 
  custom:video-encoder-webm-vp8: eb34c28f22e8b96e1ab97ce403110664 -> 
  custom:audio-decoder-ogg-vorbis: bf7c407c2cedff20999df2af8eb42d56 -> 
  custom:audio-encoder-webm-vorbis: bf7c407c2cedff20999df2af8eb42d56 -> 
  custom:scripting/precompiled-assembly-types:Assembly-CSharp: a3286e588f2185aeddb73539bbd7024c -> 5067eed19507e5c54d6876c6374cab8d
========================================================================
Received Prepare
Caller must complete domain reload
Begin MonoManager ReloadAssembly
- Loaded All Assemblies, in  0.664 seconds
Native extension for WindowsStandalone target not found
Mono: successfully reloaded assembly
- Finished resetting the current domain, in  2.227 seconds
Domain Reload Profiling: 2877ms
	BeginReloadAssembly (214ms)
		ExecutionOrderSort (0ms)
		DisableScriptedObjects (5ms)
		BackupInstance (0ms)
		ReleaseScriptingObjects (0ms)
		CreateAndSetChildDomain (41ms)
	RebuildCommonClasses (31ms)
	RebuildNativeTypeToScriptingClass (9ms)
	initialDomainReloadingComplete (54ms)
	LoadAllAssembliesAndSetupDomain (342ms)
		LoadAssemblies (442ms)
		RebuildTransferFunctionScriptingTraits (0ms)
		AnalyzeDomain (19ms)
			TypeCache.Refresh (6ms)
				TypeCache.ScanAssembly (0ms)
			ScanForSourceGeneratedMonoScriptInfo (0ms)
			ResolveRequiredComponents (11ms)
	FinalizeReload (2228ms)
		ReleaseScriptCaches (0ms)
		RebuildScriptCaches (0ms)
		SetupLoadedEditorAssemblies (825ms)
			LogAssemblyErrors (0ms)
			InitializePlatformSupportModulesInManaged (11ms)
			SetLoadedEditorAssemblies (6ms)
			RefreshPlugins (0ms)
			BeforeProcessingInitializeOnLoad (117ms)
			ProcessInitializeOnLoadAttributes (618ms)
			ProcessInitializeOnLoadMethodAttributes (52ms)
			AfterProcessingInitializeOnLoad (20ms)
			EditorAssembliesLoaded (0ms)
		ExecutionOrderSort2 (0ms)
		AwakeInstancesAfterBackupRestoration (24ms)
Refreshing native plugins compatible for Editor in 20.73 ms, found 3 plugins.
Preloading 0 native plugins for Editor in 0.00 ms.
Unloading 4946 Unused Serialized files (Serialized files now loaded: 0)
Unloading 20 unused Assets / (316.6 KB). Loaded Objects now: 6415.
Memory consumption went from 184.6 MB to 184.2 MB.
Total: 4.326900 ms (FindLiveObjects: 0.517000 ms CreateObjectMapping: 0.348200 ms MarkObjects: 3.359100 ms  DeleteObjects: 0.101600 ms)

Prepare: number of updated asset objects reloaded= 0
AssetImportParameters requested are different than current active one (requested -> active):
  custom:container-demuxer-ogg: 62fdf1f143b41e24485cea50d1cbac27 -> 
  custom:scripting/monoscript/fileName/GameManager.cs: 9933fbcc6190e2a9171c2ec8808a053e -> 
  custom:video-decoder-ogg-theora: a1e56fd34408186e4bbccfd4996cb3dc -> 
  custom:framework-win-MediaFoundation: 216162199b28c13a410421893ffa2e32 -> 
  custom:CustomObjectIndexerAttribute: 72b91833f83ae208fae7752999fa3104 -> 
  custom:container-demuxer-webm: 4f35f7cbe854078d1ac9338744f61a02 -> 
  custom:container-muxer-webm: aa71ff27fc2769a1b78a27578f13a17b -> 
  custom:video-decoder-webm-vp8: 9c59270c3fd7afecdb556c50c9e8de78 -> 
  custom:SearchIndexIgnoredProperties: e643bd26f0fe6173181afceb89e7c659 -> 
  custom:AudioImporter_EditorPlatform: d09bf68614088b80899f8185d706f6e7 -> 
  custom:video-encoder-webm-vp8: eb34c28f22e8b96e1ab97ce403110664 -> 
  custom:audio-decoder-ogg-vorbis: bf7c407c2cedff20999df2af8eb42d56 -> 
  custom:audio-encoder-webm-vorbis: bf7c407c2cedff20999df2af8eb42d56 -> 
  custom:scripting/precompiled-assembly-types:Assembly-CSharp: a3286e588f2185aeddb73539bbd7024c -> 5067eed19507e5c54d6876c6374cab8d
========================================================================
Received Import Request.
  Time since last request: 999.709822 seconds.
  path: Assets/Prefab/System/Tool.prefab
  artifactKey: Guid(14a7a30da4902354a9ffa43e9d7e3b64) Importer(815301076,1909f56bfc062723c751e8b465ee728b)
Start importing Assets/Prefab/System/Tool.prefab using Guid(14a7a30da4902354a9ffa43e9d7e3b64) Importer(815301076,1909f56bfc062723c751e8b465ee728b) [PhysX] Initialized MultithreadedTaskDispatcher with 16 workers.
 -> (artifact id: '616ca2d2a1884ca42c269cac7c0e5bf3') in 0.037732 seconds
Number of updated asset objects reloaded before import = 0
Number of asset objects unloaded after import = 24
========================================================================
Received Prepare
Caller must complete domain reload
Begin MonoManager ReloadAssembly
- Loaded All Assemblies, in  0.947 seconds
Native extension for WindowsStandalone target not found
Mono: successfully reloaded assembly
- Finished resetting the current domain, in  2.359 seconds
Domain Reload Profiling: 3289ms
	BeginReloadAssembly (287ms)
		ExecutionOrderSort (0ms)
		DisableScriptedObjects (6ms)
		BackupInstance (0ms)
		ReleaseScriptingObjects (0ms)
		CreateAndSetChildDomain (63ms)
	RebuildCommonClasses (78ms)
	RebuildNativeTypeToScriptingClass (13ms)
	initialDomainReloadingComplete (69ms)
	LoadAllAssembliesAndSetupDomain (482ms)
		LoadAssemblies (578ms)
		RebuildTransferFunctionScriptingTraits (0ms)
		AnalyzeDomain (64ms)
			TypeCache.Refresh (19ms)
				TypeCache.ScanAssembly (3ms)
			ScanForSourceGeneratedMonoScriptInfo (31ms)
			ResolveRequiredComponents (13ms)
	FinalizeReload (2360ms)
		ReleaseScriptCaches (0ms)
		RebuildScriptCaches (0ms)
		SetupLoadedEditorAssemblies (868ms)
			LogAssemblyErrors (0ms)
			InitializePlatformSupportModulesInManaged (9ms)
			SetLoadedEditorAssemblies (5ms)
			RefreshPlugins (0ms)
			BeforeProcessingInitializeOnLoad (133ms)
			ProcessInitializeOnLoadAttributes (638ms)
			ProcessInitializeOnLoadMethodAttributes (63ms)
			AfterProcessingInitializeOnLoad (19ms)
			EditorAssembliesLoaded (0ms)
		ExecutionOrderSort2 (0ms)
		AwakeInstancesAfterBackupRestoration (26ms)
Refreshing native plugins compatible for Editor in 22.89 ms, found 3 plugins.
Preloading 0 native plugins for Editor in 0.00 ms.
Unloading 4946 Unused Serialized files (Serialized files now loaded: 0)
Unloading 20 unused Assets / (316.5 KB). Loaded Objects now: 6419.
Memory consumption went from 184.6 MB to 184.2 MB.
Total: 9.635300 ms (FindLiveObjects: 1.272800 ms CreateObjectMapping: 1.262000 ms MarkObjects: 6.759200 ms  DeleteObjects: 0.337300 ms)

Prepare: number of updated asset objects reloaded= 0
AssetImportParameters requested are different than current active one (requested -> active):
  custom:container-demuxer-ogg: 62fdf1f143b41e24485cea50d1cbac27 -> 
  custom:scripting/monoscript/fileName/GameManager.cs: 9933fbcc6190e2a9171c2ec8808a053e -> 
  custom:video-decoder-ogg-theora: a1e56fd34408186e4bbccfd4996cb3dc -> 
  custom:framework-win-MediaFoundation: 216162199b28c13a410421893ffa2e32 -> 
  custom:CustomObjectIndexerAttribute: 72b91833f83ae208fae7752999fa3104 -> 
  custom:container-demuxer-webm: 4f35f7cbe854078d1ac9338744f61a02 -> 
  custom:container-muxer-webm: aa71ff27fc2769a1b78a27578f13a17b -> 
  custom:video-decoder-webm-vp8: 9c59270c3fd7afecdb556c50c9e8de78 -> 
  custom:SearchIndexIgnoredProperties: e643bd26f0fe6173181afceb89e7c659 -> 
  custom:AudioImporter_EditorPlatform: d09bf68614088b80899f8185d706f6e7 -> 
  custom:video-encoder-webm-vp8: eb34c28f22e8b96e1ab97ce403110664 -> 
  custom:audio-decoder-ogg-vorbis: bf7c407c2cedff20999df2af8eb42d56 -> 
  custom:audio-encoder-webm-vorbis: bf7c407c2cedff20999df2af8eb42d56 -> 
  custom:scripting/precompiled-assembly-types:Assembly-CSharp: a3286e588f2185aeddb73539bbd7024c -> 5067eed19507e5c54d6876c6374cab8d
========================================================================
Received Import Request.
  Time since last request: 185.087910 seconds.
  path: Assets/Prefab/System/Tool.prefab
  artifactKey: Guid(14a7a30da4902354a9ffa43e9d7e3b64) Importer(815301076,1909f56bfc062723c751e8b465ee728b)
Start importing Assets/Prefab/System/Tool.prefab using Guid(14a7a30da4902354a9ffa43e9d7e3b64) Importer(815301076,1909f56bfc062723c751e8b465ee728b) [PhysX] Initialized MultithreadedTaskDispatcher with 16 workers.
 -> (artifact id: '1e44c6242dc52c5a0c9cd297ee4d2242') in 0.045904 seconds
Number of updated asset objects reloaded before import = 0
Number of asset objects unloaded after import = 24
========================================================================
Received Prepare
Caller must complete domain reload
Begin MonoManager ReloadAssembly
- Loaded All Assemblies, in  0.707 seconds
Native extension for WindowsStandalone target not found
Mono: successfully reloaded assembly
- Finished resetting the current domain, in  2.286 seconds
Domain Reload Profiling: 2978ms
	BeginReloadAssembly (221ms)
		ExecutionOrderSort (0ms)
		DisableScriptedObjects (6ms)
		BackupInstance (0ms)
		ReleaseScriptingObjects (0ms)
		CreateAndSetChildDomain (47ms)
	RebuildCommonClasses (31ms)
	RebuildNativeTypeToScriptingClass (10ms)
	initialDomainReloadingComplete (50ms)
	LoadAllAssembliesAndSetupDomain (380ms)
		LoadAssemblies (454ms)
		RebuildTransferFunctionScriptingTraits (0ms)
		AnalyzeDomain (47ms)
			TypeCache.Refresh (12ms)
				TypeCache.ScanAssembly (2ms)
			ScanForSourceGeneratedMonoScriptInfo (20ms)
			ResolveRequiredComponents (12ms)
	FinalizeReload (2286ms)
		ReleaseScriptCaches (0ms)
		RebuildScriptCaches (0ms)
		SetupLoadedEditorAssemblies (837ms)
			LogAssemblyErrors (0ms)
			InitializePlatformSupportModulesInManaged (8ms)
			SetLoadedEditorAssemblies (4ms)
			RefreshPlugins (0ms)
			BeforeProcessingInitializeOnLoad (119ms)
			ProcessInitializeOnLoadAttributes (626ms)
			ProcessInitializeOnLoadMethodAttributes (53ms)
			AfterProcessingInitializeOnLoad (28ms)
			EditorAssembliesLoaded (0ms)
		ExecutionOrderSort2 (0ms)
		AwakeInstancesAfterBackupRestoration (31ms)
Refreshing native plugins compatible for Editor in 21.02 ms, found 3 plugins.
Preloading 0 native plugins for Editor in 0.00 ms.
Unloading 4946 Unused Serialized files (Serialized files now loaded: 0)
Unloading 20 unused Assets / (316.1 KB). Loaded Objects now: 6423.
Memory consumption went from 184.6 MB to 184.2 MB.
Total: 5.750200 ms (FindLiveObjects: 0.516600 ms CreateObjectMapping: 0.422200 ms MarkObjects: 4.682100 ms  DeleteObjects: 0.128200 ms)

Prepare: number of updated asset objects reloaded= 0
AssetImportParameters requested are different than current active one (requested -> active):
  custom:container-demuxer-ogg: 62fdf1f143b41e24485cea50d1cbac27 -> 
  custom:scripting/monoscript/fileName/GameManager.cs: 9933fbcc6190e2a9171c2ec8808a053e -> 
  custom:video-decoder-ogg-theora: a1e56fd34408186e4bbccfd4996cb3dc -> 
  custom:framework-win-MediaFoundation: 216162199b28c13a410421893ffa2e32 -> 
  custom:CustomObjectIndexerAttribute: 72b91833f83ae208fae7752999fa3104 -> 
  custom:container-demuxer-webm: 4f35f7cbe854078d1ac9338744f61a02 -> 
  custom:container-muxer-webm: aa71ff27fc2769a1b78a27578f13a17b -> 
  custom:video-decoder-webm-vp8: 9c59270c3fd7afecdb556c50c9e8de78 -> 
  custom:SearchIndexIgnoredProperties: e643bd26f0fe6173181afceb89e7c659 -> 
  custom:AudioImporter_EditorPlatform: d09bf68614088b80899f8185d706f6e7 -> 
  custom:video-encoder-webm-vp8: eb34c28f22e8b96e1ab97ce403110664 -> 
  custom:audio-decoder-ogg-vorbis: bf7c407c2cedff20999df2af8eb42d56 -> 
  custom:audio-encoder-webm-vorbis: bf7c407c2cedff20999df2af8eb42d56 -> 
  custom:scripting/precompiled-assembly-types:Assembly-CSharp: a3286e588f2185aeddb73539bbd7024c -> 5067eed19507e5c54d6876c6374cab8d
========================================================================
Received Prepare
Caller must complete domain reload
Begin MonoManager ReloadAssembly
- Loaded All Assemblies, in  0.694 seconds
Native extension for WindowsStandalone target not found
Mono: successfully reloaded assembly
- Finished resetting the current domain, in  2.283 seconds
Domain Reload Profiling: 2962ms
	BeginReloadAssembly (230ms)
		ExecutionOrderSort (0ms)
		DisableScriptedObjects (5ms)
		BackupInstance (0ms)
		ReleaseScriptingObjects (0ms)
		CreateAndSetChildDomain (46ms)
	RebuildCommonClasses (31ms)
	RebuildNativeTypeToScriptingClass (10ms)
	initialDomainReloadingComplete (50ms)
	LoadAllAssembliesAndSetupDomain (359ms)
		LoadAssemblies (467ms)
		RebuildTransferFunctionScriptingTraits (0ms)
		AnalyzeDomain (19ms)
			TypeCache.Refresh (6ms)
				TypeCache.ScanAssembly (0ms)
			ScanForSourceGeneratedMonoScriptInfo (0ms)
			ResolveRequiredComponents (12ms)
	FinalizeReload (2283ms)
		ReleaseScriptCaches (0ms)
		RebuildScriptCaches (0ms)
		SetupLoadedEditorAssemblies (850ms)
			LogAssemblyErrors (0ms)
			InitializePlatformSupportModulesInManaged (7ms)
			SetLoadedEditorAssemblies (4ms)
			RefreshPlugins (0ms)
			BeforeProcessingInitializeOnLoad (122ms)
			ProcessInitializeOnLoadAttributes (644ms)
			ProcessInitializeOnLoadMethodAttributes (52ms)
			AfterProcessingInitializeOnLoad (20ms)
			EditorAssembliesLoaded (0ms)
		ExecutionOrderSort2 (0ms)
		AwakeInstancesAfterBackupRestoration (25ms)
Refreshing native plugins compatible for Editor in 24.28 ms, found 3 plugins.
Preloading 0 native plugins for Editor in 0.00 ms.
Unloading 4946 Unused Serialized files (Serialized files now loaded: 0)
Unloading 20 unused Assets / (316.5 KB). Loaded Objects now: 6427.
Memory consumption went from 184.6 MB to 184.3 MB.
Total: 4.899600 ms (FindLiveObjects: 0.650100 ms CreateObjectMapping: 0.449400 ms MarkObjects: 3.653000 ms  DeleteObjects: 0.146000 ms)

Prepare: number of updated asset objects reloaded= 0
AssetImportParameters requested are different than current active one (requested -> active):
  custom:container-demuxer-ogg: 62fdf1f143b41e24485cea50d1cbac27 -> 
  custom:scripting/monoscript/fileName/GameManager.cs: 9933fbcc6190e2a9171c2ec8808a053e -> 
  custom:video-decoder-ogg-theora: a1e56fd34408186e4bbccfd4996cb3dc -> 
  custom:framework-win-MediaFoundation: 216162199b28c13a410421893ffa2e32 -> 
  custom:CustomObjectIndexerAttribute: 72b91833f83ae208fae7752999fa3104 -> 
  custom:container-demuxer-webm: 4f35f7cbe854078d1ac9338744f61a02 -> 
  custom:container-muxer-webm: aa71ff27fc2769a1b78a27578f13a17b -> 
  custom:video-decoder-webm-vp8: 9c59270c3fd7afecdb556c50c9e8de78 -> 
  custom:SearchIndexIgnoredProperties: e643bd26f0fe6173181afceb89e7c659 -> 
  custom:AudioImporter_EditorPlatform: d09bf68614088b80899f8185d706f6e7 -> 
  custom:video-encoder-webm-vp8: eb34c28f22e8b96e1ab97ce403110664 -> 
  custom:audio-decoder-ogg-vorbis: bf7c407c2cedff20999df2af8eb42d56 -> 
  custom:audio-encoder-webm-vorbis: bf7c407c2cedff20999df2af8eb42d56 -> 
  custom:scripting/precompiled-assembly-types:Assembly-CSharp: a3286e588f2185aeddb73539bbd7024c -> 5067eed19507e5c54d6876c6374cab8d
========================================================================
Received Import Request.
  Time since last request: 299.298492 seconds.
  path: Assets/Prefab/System/Tool.prefab
  artifactKey: Guid(14a7a30da4902354a9ffa43e9d7e3b64) Importer(815301076,1909f56bfc062723c751e8b465ee728b)
Start importing Assets/Prefab/System/Tool.prefab using Guid(14a7a30da4902354a9ffa43e9d7e3b64) Importer(815301076,1909f56bfc062723c751e8b465ee728b) [PhysX] Initialized MultithreadedTaskDispatcher with 16 workers.
 -> (artifact id: '5c796915ca0e1bdf9b7c374b0c9094e5') in 0.039971 seconds
Number of updated asset objects reloaded before import = 0
Number of asset objects unloaded after import = 24
========================================================================
Received Import Request.
  Time since last request: 0.272627 seconds.
  path: Assets/Prefab/System/Tool.prefab
  artifactKey: Guid(14a7a30da4902354a9ffa43e9d7e3b64) Importer(815301076,1909f56bfc062723c751e8b465ee728b)
Start importing Assets/Prefab/System/Tool.prefab using Guid(14a7a30da4902354a9ffa43e9d7e3b64) Importer(815301076,1909f56bfc062723c751e8b465ee728b) [PhysX] Initialized MultithreadedTaskDispatcher with 16 workers.
 -> (artifact id: '4c2069e52ef3d15d16766f1c067e3979') in 0.003179 seconds
Number of updated asset objects reloaded before import = 0
Number of asset objects unloaded after import = 24
========================================================================
Received Prepare
Caller must complete domain reload
Begin MonoManager ReloadAssembly
- Loaded All Assemblies, in  0.692 seconds
Native extension for WindowsStandalone target not found
Mono: successfully reloaded assembly
- Finished resetting the current domain, in  2.240 seconds
Domain Reload Profiling: 2919ms
	BeginReloadAssembly (235ms)
		ExecutionOrderSort (0ms)
		DisableScriptedObjects (6ms)
		BackupInstance (0ms)
		ReleaseScriptingObjects (0ms)
		CreateAndSetChildDomain (49ms)
	RebuildCommonClasses (32ms)
	RebuildNativeTypeToScriptingClass (10ms)
	initialDomainReloadingComplete (52ms)
	LoadAllAssembliesAndSetupDomain (350ms)
		LoadAssemblies (459ms)
		RebuildTransferFunctionScriptingTraits (0ms)
		AnalyzeDomain (19ms)
			TypeCache.Refresh (5ms)
				TypeCache.ScanAssembly (0ms)
			ScanForSourceGeneratedMonoScriptInfo (0ms)
			ResolveRequiredComponents (12ms)
	FinalizeReload (2241ms)
		ReleaseScriptCaches (0ms)
		RebuildScriptCaches (0ms)
		SetupLoadedEditorAssemblies (827ms)
			LogAssemblyErrors (0ms)
			InitializePlatformSupportModulesInManaged (7ms)
			SetLoadedEditorAssemblies (4ms)
			RefreshPlugins (0ms)
			BeforeProcessingInitializeOnLoad (131ms)
			ProcessInitializeOnLoadAttributes (607ms)
			ProcessInitializeOnLoadMethodAttributes (57ms)
			AfterProcessingInitializeOnLoad (21ms)
			EditorAssembliesLoaded (0ms)
		ExecutionOrderSort2 (0ms)
		AwakeInstancesAfterBackupRestoration (25ms)
Refreshing native plugins compatible for Editor in 25.39 ms, found 3 plugins.
Preloading 0 native plugins for Editor in 0.00 ms.
Unloading 4946 Unused Serialized files (Serialized files now loaded: 0)
Unloading 20 unused Assets / (316.0 KB). Loaded Objects now: 6431.
Memory consumption went from 184.6 MB to 184.3 MB.
Total: 8.593500 ms (FindLiveObjects: 1.364400 ms CreateObjectMapping: 0.590300 ms MarkObjects: 6.438800 ms  DeleteObjects: 0.198300 ms)

Prepare: number of updated asset objects reloaded= 0
AssetImportParameters requested are different than current active one (requested -> active):
  custom:container-demuxer-ogg: 62fdf1f143b41e24485cea50d1cbac27 -> 
  custom:scripting/monoscript/fileName/GameManager.cs: 9933fbcc6190e2a9171c2ec8808a053e -> 
  custom:video-decoder-ogg-theora: a1e56fd34408186e4bbccfd4996cb3dc -> 
  custom:framework-win-MediaFoundation: 216162199b28c13a410421893ffa2e32 -> 
  custom:CustomObjectIndexerAttribute: 72b91833f83ae208fae7752999fa3104 -> 
  custom:container-demuxer-webm: 4f35f7cbe854078d1ac9338744f61a02 -> 
  custom:container-muxer-webm: aa71ff27fc2769a1b78a27578f13a17b -> 
  custom:video-decoder-webm-vp8: 9c59270c3fd7afecdb556c50c9e8de78 -> 
  custom:SearchIndexIgnoredProperties: e643bd26f0fe6173181afceb89e7c659 -> 
  custom:AudioImporter_EditorPlatform: d09bf68614088b80899f8185d706f6e7 -> 
  custom:video-encoder-webm-vp8: eb34c28f22e8b96e1ab97ce403110664 -> 
  custom:audio-decoder-ogg-vorbis: bf7c407c2cedff20999df2af8eb42d56 -> 
  custom:audio-encoder-webm-vorbis: bf7c407c2cedff20999df2af8eb42d56 -> 
  custom:scripting/precompiled-assembly-types:Assembly-CSharp: a3286e588f2185aeddb73539bbd7024c -> 5067eed19507e5c54d6876c6374cab8d
========================================================================
Received Import Request.
  Time since last request: 62.975366 seconds.
  path: Assets/_Scenes/Menu.unity
  artifactKey: Guid(2f56e27380fbad04686d9480f5e8008e) Importer(815301076,1909f56bfc062723c751e8b465ee728b)
Start importing Assets/_Scenes/Menu.unity using Guid(2f56e27380fbad04686d9480f5e8008e) Importer(815301076,1909f56bfc062723c751e8b465ee728b) [PhysX] Initialized MultithreadedTaskDispatcher with 16 workers.
 -> (artifact id: 'eb8643a33499e2b63a504f3344c00fff') in 0.002282 seconds
Number of updated asset objects reloaded before import = 0
Number of asset objects unloaded after import = 0
========================================================================
Received Import Request.
  Time since last request: 55.477471 seconds.
  path: Assets/_Scenes/Root.unity
  artifactKey: Guid(52c698572772f1f42a877b52c834fd4b) Importer(815301076,1909f56bfc062723c751e8b465ee728b)
Start importing Assets/_Scenes/Root.unity using Guid(52c698572772f1f42a877b52c834fd4b) Importer(815301076,1909f56bfc062723c751e8b465ee728b) [PhysX] Initialized MultithreadedTaskDispatcher with 16 workers.
 -> (artifact id: '7d9799a56d47b4297732278bf38733bb') in 0.000977 seconds
Number of updated asset objects reloaded before import = 0
Number of asset objects unloaded after import = 0
========================================================================
Received Prepare
Caller must complete domain reload
Begin MonoManager ReloadAssembly
- Loaded All Assemblies, in  0.684 seconds
Native extension for WindowsStandalone target not found
Mono: successfully reloaded assembly
- Finished resetting the current domain, in  2.485 seconds
Domain Reload Profiling: 3154ms
	BeginReloadAssembly (227ms)
		ExecutionOrderSort (0ms)
		DisableScriptedObjects (5ms)
		BackupInstance (0ms)
		ReleaseScriptingObjects (0ms)
		CreateAndSetChildDomain (43ms)
	RebuildCommonClasses (31ms)
	RebuildNativeTypeToScriptingClass (9ms)
	initialDomainReloadingComplete (52ms)
	LoadAllAssembliesAndSetupDomain (350ms)
		LoadAssemblies (458ms)
		RebuildTransferFunctionScriptingTraits (0ms)
		AnalyzeDomain (21ms)
			TypeCache.Refresh (6ms)
				TypeCache.ScanAssembly (0ms)
			ScanForSourceGeneratedMonoScriptInfo (0ms)
			ResolveRequiredComponents (12ms)
	FinalizeReload (2485ms)
		ReleaseScriptCaches (0ms)
		RebuildScriptCaches (0ms)
		SetupLoadedEditorAssemblies (933ms)
			LogAssemblyErrors (0ms)
			InitializePlatformSupportModulesInManaged (9ms)
			SetLoadedEditorAssemblies (5ms)
			RefreshPlugins (0ms)
			BeforeProcessingInitializeOnLoad (144ms)
			ProcessInitializeOnLoadAttributes (687ms)
			ProcessInitializeOnLoadMethodAttributes (66ms)
			AfterProcessingInitializeOnLoad (22ms)
			EditorAssembliesLoaded (0ms)
		ExecutionOrderSort2 (0ms)
		AwakeInstancesAfterBackupRestoration (29ms)
Refreshing native plugins compatible for Editor in 22.63 ms, found 3 plugins.
Preloading 0 native plugins for Editor in 0.00 ms.
Unloading 4946 Unused Serialized files (Serialized files now loaded: 0)
Unloading 20 unused Assets / (316.2 KB). Loaded Objects now: 6435.
Memory consumption went from 184.6 MB to 184.3 MB.
Total: 11.323300 ms (FindLiveObjects: 1.111900 ms CreateObjectMapping: 1.002900 ms MarkObjects: 8.968600 ms  DeleteObjects: 0.238100 ms)

Prepare: number of updated asset objects reloaded= 0
AssetImportParameters requested are different than current active one (requested -> active):
  custom:container-demuxer-ogg: 62fdf1f143b41e24485cea50d1cbac27 -> 
  custom:scripting/monoscript/fileName/GameManager.cs: 9933fbcc6190e2a9171c2ec8808a053e -> 
  custom:video-decoder-ogg-theora: a1e56fd34408186e4bbccfd4996cb3dc -> 
  custom:framework-win-MediaFoundation: 216162199b28c13a410421893ffa2e32 -> 
  custom:CustomObjectIndexerAttribute: 72b91833f83ae208fae7752999fa3104 -> 
  custom:container-demuxer-webm: 4f35f7cbe854078d1ac9338744f61a02 -> 
  custom:container-muxer-webm: aa71ff27fc2769a1b78a27578f13a17b -> 
  custom:video-decoder-webm-vp8: 9c59270c3fd7afecdb556c50c9e8de78 -> 
  custom:SearchIndexIgnoredProperties: e643bd26f0fe6173181afceb89e7c659 -> 
  custom:AudioImporter_EditorPlatform: d09bf68614088b80899f8185d706f6e7 -> 
  custom:video-encoder-webm-vp8: eb34c28f22e8b96e1ab97ce403110664 -> 
  custom:audio-decoder-ogg-vorbis: bf7c407c2cedff20999df2af8eb42d56 -> 
  custom:audio-encoder-webm-vorbis: bf7c407c2cedff20999df2af8eb42d56 -> 
  custom:scripting/precompiled-assembly-types:Assembly-CSharp: a3286e588f2185aeddb73539bbd7024c -> 5067eed19507e5c54d6876c6374cab8d
========================================================================
Received Prepare
Caller must complete domain reload
Begin MonoManager ReloadAssembly
- Loaded All Assemblies, in  0.654 seconds
Native extension for WindowsStandalone target not found
Mono: successfully reloaded assembly
- Finished resetting the current domain, in  2.498 seconds
Domain Reload Profiling: 3139ms
	BeginReloadAssembly (218ms)
		ExecutionOrderSort (0ms)
		DisableScriptedObjects (5ms)
		BackupInstance (0ms)
		ReleaseScriptingObjects (0ms)
		CreateAndSetChildDomain (41ms)
	RebuildCommonClasses (29ms)
	RebuildNativeTypeToScriptingClass (9ms)
	initialDomainReloadingComplete (48ms)
	LoadAllAssembliesAndSetupDomain (336ms)
		LoadAssemblies (439ms)
		RebuildTransferFunctionScriptingTraits (0ms)
		AnalyzeDomain (20ms)
			TypeCache.Refresh (6ms)
				TypeCache.ScanAssembly (0ms)
			ScanForSourceGeneratedMonoScriptInfo (0ms)
			ResolveRequiredComponents (12ms)
	FinalizeReload (2499ms)
		ReleaseScriptCaches (0ms)
		RebuildScriptCaches (0ms)
		SetupLoadedEditorAssemblies (956ms)
			LogAssemblyErrors (0ms)
			InitializePlatformSupportModulesInManaged (9ms)
			SetLoadedEditorAssemblies (4ms)
			RefreshPlugins (0ms)
			BeforeProcessingInitializeOnLoad (149ms)
			ProcessInitializeOnLoadAttributes (706ms)
			ProcessInitializeOnLoadMethodAttributes (66ms)
			AfterProcessingInitializeOnLoad (22ms)
			EditorAssembliesLoaded (0ms)
		ExecutionOrderSort2 (0ms)
		AwakeInstancesAfterBackupRestoration (30ms)
Refreshing native plugins compatible for Editor in 21.97 ms, found 3 plugins.
Preloading 0 native plugins for Editor in 0.00 ms.
Unloading 4946 Unused Serialized files (Serialized files now loaded: 0)
Unloading 20 unused Assets / (316.1 KB). Loaded Objects now: 6439.
Memory consumption went from 184.6 MB to 184.3 MB.
Total: 8.460600 ms (FindLiveObjects: 1.331800 ms CreateObjectMapping: 0.604800 ms MarkObjects: 6.349900 ms  DeleteObjects: 0.172300 ms)

Prepare: number of updated asset objects reloaded= 0
AssetImportParameters requested are different than current active one (requested -> active):
  custom:container-demuxer-ogg: 62fdf1f143b41e24485cea50d1cbac27 -> 
  custom:scripting/monoscript/fileName/GameManager.cs: 9933fbcc6190e2a9171c2ec8808a053e -> 
  custom:video-decoder-ogg-theora: a1e56fd34408186e4bbccfd4996cb3dc -> 
  custom:framework-win-MediaFoundation: 216162199b28c13a410421893ffa2e32 -> 
  custom:CustomObjectIndexerAttribute: 72b91833f83ae208fae7752999fa3104 -> 
  custom:container-demuxer-webm: 4f35f7cbe854078d1ac9338744f61a02 -> 
  custom:container-muxer-webm: aa71ff27fc2769a1b78a27578f13a17b -> 
  custom:video-decoder-webm-vp8: 9c59270c3fd7afecdb556c50c9e8de78 -> 
  custom:SearchIndexIgnoredProperties: e643bd26f0fe6173181afceb89e7c659 -> 
  custom:AudioImporter_EditorPlatform: d09bf68614088b80899f8185d706f6e7 -> 
  custom:video-encoder-webm-vp8: eb34c28f22e8b96e1ab97ce403110664 -> 
  custom:audio-decoder-ogg-vorbis: bf7c407c2cedff20999df2af8eb42d56 -> 
  custom:audio-encoder-webm-vorbis: bf7c407c2cedff20999df2af8eb42d56 -> 
  custom:scripting/precompiled-assembly-types:Assembly-CSharp: a3286e588f2185aeddb73539bbd7024c -> 5067eed19507e5c54d6876c6374cab8d
