{"cameraMode":{"drawMode":0,"name":"Shaded","section":"Shading Mode"},"sceneLighting":false,"audioPlay":false,"sceneViewState":{"m_AlwaysRefresh":false,"showFog":true,"showSkybox":false,"showFlares":true,"showImageEffects":true,"showParticleSystems":true,"showVisualEffectGraphs":true,"m_FxEnabled":true},"in2DMode":false,"pivot":{"x":0.3721421957015991,"y":-0.0033066272735595705,"z":0.4030182361602783},"rotation":{"x":0.034244146198034289,"y":-0.9613574743270874,"z":0.23116053640842439,"w":0.1469116508960724},"size":2.293395757675171,"orthographic":false}